epoch,train_loss,train_auxiliary_loss,train_accuracy,train_macro_f1,train_auxiliary_macro_f1,val_loss,val_auxiliary_loss,val_accuracy,val_macro_f1,val_auxiliary_macro_f1,stage,learning_rates
1,0.8062986450320078,0.9640362435252766,0.7600163532297629,0.7581125595473048,0.575909000008954,0.6435450016964477,0.7700983287854983,0.8216039279869067,0.8181671740406535,0.7004328745058588,S1,[0.008]
2,0.6669068181017629,0.7477167477787077,0.812755519215045,0.8109960487378568,0.6834438431834883,0.6671550796777254,0.8212452525007744,0.8363338788870703,0.8362983603043619,0.621033643411593,S1,[0.008]
3,0.6439785713166949,0.7103759497282257,0.8246116107931316,0.8231148809119445,0.7045391422056267,0.614649201180853,0.6813718151734035,0.823240589198036,0.8182749504296101,0.7362162600389008,S1,[0.008]
4,0.6225038618702238,0.6811226635610872,0.8282910874897792,0.826812591034148,0.7177474185405772,0.626145840959346,0.6670761904427736,0.8183306055646481,0.810786832832548,0.7258942764983222,S1,[0.008]
5,0.6548236589985409,0.6686762431948671,0.8115290269828291,0.8100059730865692,0.728568207949764,0.6130668761882376,0.6987846425434181,0.839607201309329,0.8395723930982746,0.7164730910953074,S1,[0.008]
6,0.6110449181359416,0.6376314497539867,0.8352412101390024,0.8335988974769353,0.7420067676586486,0.6349104303384959,0.6408646524245142,0.8346972176759411,0.8346812757008719,0.7222020995764014,S1,[0.008]
7,0.6103168838548544,0.6365497049404185,0.8364677023712184,0.8351094237054135,0.7331078991985363,0.6040317938097565,0.6536577531241746,0.8527004909983633,0.8526685242739256,0.7503497276107763,S1,[0.008]
8,0.6153464781779884,0.6370461772234832,0.8323793949304987,0.8311346908205273,0.7299410047439888,0.5959221156841409,0.6810296170059866,0.8346972176759411,0.8330876525812707,0.7223289665788566,S1,[0.008]
9,0.5896737391063647,0.6168172247616462,0.8323793949304987,0.8305521762638551,0.7514145393718197,0.5694597803434256,0.6231918747608478,0.851063829787234,0.8501389424204281,0.7475849387370316,S2,"[0.00016, 0.0016]"
10,0.5602343026381092,0.5809820921617946,0.8536385936222404,0.852355751170305,0.7578866237874813,0.5701799368312043,0.6079821347604992,0.8445171849427169,0.8396923374345803,0.7759357308732786,S2,"[0.00028, 0.0028]"
11,0.5216402789168151,0.5419851169660261,0.8642681929681112,0.8629927689540796,0.7830504100282535,0.5536373789298749,0.6110572194506806,0.8707037643207856,0.8704692133263562,0.7742804095970353,S2,"[0.0004, 0.004]"
12,0.5133171610089471,0.5260035086633335,0.8634505314799673,0.8625128573813486,0.7954168599010388,0.5082386387740727,0.5468307165779576,0.8756137479541735,0.8746707259144102,0.7817955444002606,S2,"[0.0004, 0.004]"
13,0.47325204063027193,0.48636574006334055,0.8810302534750614,0.880138320202681,0.806895427036459,0.5017825560659511,0.5322151204080317,0.8772504091653028,0.8770277341705912,0.7751853572209523,S2,"[0.0004, 0.004]"
14,0.4661980492846457,0.4705689020412239,0.8892068683565004,0.8883602942427234,0.8158849783027015,0.467209724377103,0.48907733963476263,0.8788870703764321,0.8778976818545163,0.7985746470082931,S2,"[0.0004, 0.004]"
15,0.4402709865998949,0.4366978346472964,0.8973834832379395,0.8965844777840046,0.8263384081376232,0.4594284695513705,0.47944877980773853,0.8903436988543372,0.8900420900517598,0.7973489795770352,S2,"[0.0004, 0.004]"
16,0.43126954968016556,0.43091552989071547,0.9010629599345871,0.9004366489046773,0.8288153625430317,0.46599102820195076,0.4682488284895346,0.8756137479541735,0.8738124741842214,0.8079667261075192,S2,"[0.0004, 0.004]"
17,0.4109459766236272,0.40425704788791283,0.910874897792314,0.9101874309429487,0.8396025959563578,0.4409900349602957,0.4515106606307865,0.8903436988543372,0.8896044183042493,0.8174981450207202,S2,"[0.0004, 0.004]"
18,0.40275531566152784,0.384174666975915,0.9096484055600981,0.9089580259322579,0.8473126653992079,0.43908032526166074,0.44705019674207497,0.8936170212765957,0.892581162552303,0.8208795623258123,S2,"[0.0004, 0.004]"
19,0.3928968349832642,0.3810076597813008,0.9210956663941129,0.9205805009903085,0.8418055759358654,0.4418897912174512,0.4455154216718752,0.8854337152209493,0.8834858886346301,0.8193767446630453,S2,"[0.0004, 0.004]"
20,0.378460061691476,0.3638885706931182,0.919460343417825,0.9188565260478632,0.8532247412649477,0.4605669246075001,0.44650264642827836,0.8723404255319149,0.8691778114500297,0.8294709858784439,S2,"[0.0004, 0.004]"
21,0.37998598689732743,0.3562957493014152,0.919460343417825,0.9188094939220264,0.8521762806581121,0.44638457021229394,0.43062461549248515,0.8854337152209493,0.8830628403945844,0.8272269482152244,S2,"[0.0004, 0.004]"
22,0.3663190109312583,0.34368546113359666,0.9300899427636958,0.9295954091734725,0.8626174346084077,0.41072729824997983,0.41135450978130833,0.9099836333878887,0.909556272658031,0.8260933847043508,S2,"[0.0004, 0.004]"
23,0.36532561567506144,0.3456930489152158,0.9264104660670482,0.9258640106041339,0.8624324142919467,0.4179131250627302,0.4160412094401845,0.911620294599018,0.9115518239722061,0.8265098158216484,S2,"[0.0004, 0.004]"
24,0.3534150050978922,0.3309645354016726,0.9284546197874081,0.9279779045869183,0.8690957364163379,0.4073343817418999,0.4068785593181897,0.9099836333878887,0.909376761294533,0.8293288439285276,S2,"[0.0004, 0.004]"
25,0.3528088815418892,0.3177472553044582,0.9260016353229763,0.9255283233956686,0.8717817043656102,0.4058519960815505,0.41404641845222384,0.9132569558101473,0.9130183697424368,0.8384135882170572,S2,"[0.0004, 0.004]"
26,0.3465924673239325,0.3170217935145145,0.9345870809484873,0.9341106179284577,0.8812016345083068,0.4059859540575655,0.412648154212293,0.9099836333878887,0.9097660980449545,0.82208037609183,S2,"[0.0004, 0.004]"
27,0.3348491835428473,0.30733851093009956,0.9341782502044154,0.9337572379375837,0.8788376158815774,0.39788915892474586,0.3917039118694986,0.9148936170212766,0.9147508961727521,0.8344406364491982,S2,"[0.0004, 0.004]"
28,0.3317816374444221,0.3003492057567138,0.9366312346688471,0.9361470317624432,0.8861379810640071,0.40591915646863647,0.4026866534240117,0.9050736497545008,0.903459736297265,0.8323988039721676,S2,"[0.0004, 0.004]"
29,0.32191996494474123,0.29037654633806653,0.9419460343417825,0.9414982348343979,0.8848452234401997,0.38604888588238856,0.3810518831746278,0.9181669394435352,0.9176798378926039,0.8341816122948669,S2,"[0.0004, 0.004]"
30,0.31886375125860056,0.28389384769945,0.9452166802943581,0.9448098745608553,0.8852605876713742,0.3905189564107093,0.39448887387781406,0.9148936170212766,0.914387031408308,0.8292889059357846,S2,"[0.0004, 0.004]"
31,0.3162354567893099,0.27511085594226764,0.9448078495502862,0.9444692492224334,0.8902556327036489,0.3952989846516748,0.37979079107410973,0.9034369885433715,0.9019994834780953,0.8565192289947454,S2,"[0.0004, 0.004]"
32,0.32385215672526513,0.2920229268532158,0.937857726901063,0.9373873773739587,0.885719894012986,0.3959176292103363,0.3904726650145167,0.9050736497545008,0.903459736297265,0.8472433873271452,S2,"[0.0004, 0.004]"
33,0.31542978051346243,0.2786003155656652,0.946852003270646,0.9464942799124201,0.8910768854579788,0.4245784809956184,0.41741031018099495,0.8919803600654664,0.889304301996179,0.8450781905075533,S2,"[0.0002, 0.002]"
34,0.30487529171946004,0.2681423275566257,0.9448078495502862,0.9443861244382571,0.8969873615060457,0.36920429554001205,0.36310900016131453,0.9230769230769231,0.9226759292917053,0.8499323288541479,S2,"[0.0002, 0.002]"
35,0.2905333651106375,0.25288431350376306,0.9538021259198691,0.9534880433621118,0.8964444847905217,0.36333136428787743,0.35782832602334685,0.9198036006546645,0.9193055843802306,0.8582738806713482,S2,"[0.0002, 0.002]"
36,0.29186666623452406,0.25000159862776417,0.955846279640229,0.9555430796322923,0.9001686919492683,0.3634548991089367,0.35779462501089626,0.9165302782324058,0.9160544712490404,0.8625376588292721,S2,"[0.0002, 0.002]"
37,0.3068636794706299,0.2714079689609156,0.947260834014718,0.946872955860477,0.890261682178871,0.37634271202813196,0.36352306506832766,0.9230769230769231,0.9229580544339965,0.8600255442360706,S2,"[0.0002, 0.002]"
38,0.2975521817108889,0.25937527220754086,0.9525756336876533,0.9522938099782567,0.9011176000661251,0.36122328325886577,0.3504031311763289,0.9198036006546645,0.9192629327896749,0.8607764547354624,S2,"[0.0002, 0.002]"
39,0.30257626268967,0.25539911222184963,0.9497138184791496,0.9493581013353047,0.9039787408502071,0.360758471167029,0.34725902716091145,0.9214402618657938,0.9211511162730674,0.856897847653298,S2,"[0.00019990529804739487, 0.001999048697471067]"
40,0.2878233124536271,0.2372210333436021,0.9513491414554375,0.9510379584756052,0.8988192580097527,0.3578872211436008,0.34517070341324846,0.9214402618657938,0.9210118072912179,0.8608563260544438,S2,"[0.0001996213724601287, 0.0019961966007426995]"
41,0.29265550819460917,0.24498873144899933,0.9538021259198691,0.9535187049047034,0.904827843434959,0.36119315047701134,0.3503072937118246,0.9214402618657938,0.920844668998575,0.8613390939721868,S2,"[0.00019914876370669414, 0.0019914491389431237]"
42,0.294754529525682,0.25744751456421316,0.9525756336876533,0.9522098256393673,0.8976228813533411,0.36373726718749627,0.3484972058117097,0.9247135842880524,0.9244364864283563,0.854294844844113,S2,"[0.00019848837142471472, 0.001984815349135702]"
43,0.2824530768911076,0.23668759710361795,0.9521668029435814,0.9518733493261089,0.9054591583699675,0.3600829840681947,0.3432037217722392,0.9181669394435352,0.9174484965087875,0.8554186181451358,S2,"[0.00019764145270843338, 0.0019763078591163736]"
44,0.2787573079739256,0.242775382378115,0.9566639411283728,0.9563663559353981,0.904899113347741,0.3546876427877554,0.3391204964119557,0.9214402618657938,0.921084920891185,0.8578701880310868,S2,"[0.00019660961971576228, 0.0019659428633759237]"
45,0.28123182263027324,0.23214259792426914,0.9562551103843009,0.9559636330902872,0.9028549375731058,0.354841484180644,0.338814593156504,0.9230769230769231,0.9227782304364076,0.8687505157482837,S2,"[0.0001953948365994486, 0.001953740092272853]"
46,0.28088167209851383,0.2313797150541307,0.955846279640229,0.9555894773650375,0.9084699177386888,0.35658534971079536,0.3433292327409095,0.9263502454991817,0.9260642631837946,0.858495447830215,S2,"[0.0001939994157681979, 0.0019397227744755152]"
47,0.27807680079416475,0.2389522567208634,0.9566639411283728,0.9563838842627639,0.9085529927253886,0.3592846943781926,0.3489937576207709,0.9263502454991817,0.9260936765002352,0.8608445999983352,S2,"[0.00019242601348487304, 0.0019239175927450308]"
48,0.2837300761766543,0.24322170011839317,0.955437448896157,0.9551097068898604,0.8981809617874693,0.35328207678373436,0.3405930699381227,0.9263502454991817,0.9260936765002352,0.8689460551300623,S2,"[0.0001906776248101467, 0.0019063546331431315]"
49,0.2783824499279188,0.22966050446179687,0.9550286181520851,0.9547319923980166,0.9121185612475858,0.3511215790301415,0.33380466270368736,0.9263502454991817,0.9260642631837946,0.8642874963099876,S2,"[0.00018875757790123306, 0.0018870673277616324]"
50,0.2783777528333547,0.233521103194914,0.9521668029435814,0.9518284378555337,0.9073437411701812,0.36103187611177195,0.34601098413650805,0.9148936170212766,0.9139790768697611,0.868248437553315,S2,"[9.336825748732972e-05, 0.0009330796891903273]"
51,0.27055877576279813,0.22474252299168807,0.9595257563368765,0.959233793154185,0.915563406804351,0.35062966033596843,0.33664523133377006,0.9279869067103109,0.9276923076923077,0.8590216397490691,S2,"[9.224787656773784e-05, 0.0009217740271835366]"
52,0.26691444068294223,0.2163918419441822,0.9611610793131643,0.960922805008379,0.9091287052394905,0.3492214942622302,0.3339882309620197,0.9247135842880524,0.9243388465348666,0.8640033658506452,S2,"[9.10480261923051e-05, 0.0009096664461223516]"
53,0.27586845473636884,0.23016741338169974,0.9578904333605888,0.9576155005285066,0.9100800772776771,0.3472144089626993,0.3311580967786074,0.9263502454991817,0.9260005867202071,0.8707218660685948,S2,"[8.977099034441615e-05, 0.0008967799934754721]"
54,0.2713522045025549,0.2201029171684387,0.9582992641046607,0.9580185888543604,0.9178129092550424,0.3501675641575734,0.33313927532413,0.9279869067103109,0.9276923076923077,0.8694928572711966,S2,"[8.84191999343894e-05, 0.0008831391993379295]"
55,0.27322726830145616,0.2259864884497977,0.964022894521668,0.963831354583387,0.914427692591546,0.34822472788503245,0.3318373053631884,0.9263502454991817,0.9259304158079766,0.867821946233478,S2,"[4.356329475184804e-05, 0.00043445069553412597]"
56,0.2659636177518576,0.21381986705328926,0.9685200327064595,0.968310278018244,0.9159460460036828,0.34875686678870804,0.33414209806002104,0.9279869067103109,0.9276923076923077,0.8619053915864452,S2,"[4.2824116139070415e-05, 0.0004269231419060436]"
57,0.26599809208173586,0.2154240990308885,0.9632052330335241,0.9629625392347407,0.9101768041808397,0.34868065795804787,0.3352280449359975,0.9247135842880524,0.9243730491873856,0.8668322185853019,S2,"[4.205196008658368e-05, 0.0004190597568001073]"
58,0.26670228625942427,0.21512069859567082,0.955846279640229,0.955537003686062,0.9201972102260729,0.34872990588119496,0.3341591133082167,0.9279869067103109,0.9276611774835863,0.8674529959619592,S2,"[4.1248296437320216e-05, 0.00041087550861679153]"
59,0.2587979986154926,0.20662640881947777,0.9660670482420278,0.9658632346845866,0.9195885619612408,0.3487385827468772,0.33301392331743784,0.9263502454991817,0.925853713786436,0.8675819806467833,S2,"[2.030513714810465e-05, 0.0002012907979115857]"
60,0.272683412165595,0.22630495388283167,0.9578904333605888,0.957598380398091,0.9121500953815032,0.34790957037438736,0.33303316405771605,0.9279869067103109,0.9276611774835863,0.8700625687520614,S2,"[1.9882917236212555e-05, 0.0001969102663257052]"
61,0.2693301641054068,0.2196364844749428,0.9578904333605888,0.9576155005285066,0.9066317594957948,0.3476552158935566,0.33306218998326803,0.9263502454991817,0.9260005867202071,0.8700625687520614,S2,"[1.944759530016189e-05, 0.00019239380123917956]"
62,0.2635003081229702,0.21513276468606046,0.9632052330335241,0.9629865767072681,0.9144316819541518,0.3474084783692992,0.3329342555151048,0.9279869067103109,0.927628461902916,0.8700625687520614,S2,"[1.9e-05, 0.00018774999999999998]"
63,0.2539812042663454,0.1979210317585669,0.9656582174979559,0.9654128959276018,0.9241680185924359,0.34776747104774325,0.3337240611521585,0.9279869067103109,0.9276611774835863,0.8713643046401491,S2,"[9.405054526101447e-06, 9.162841402057212e-05]"
64,0.2616382793676434,0.2085224184605886,0.9623875715453802,0.9621188860159449,0.9142139946072251,0.34732674571964434,0.33316546224923455,0.9279869067103109,0.927628461902916,0.8715821847779885,S2,"[9.180055005009023e-06, 8.920233222792337e-05]"
65,0.2695671897731837,0.22058258559600505,0.9607522485690924,0.9605288902784641,0.9105049925193323,0.3469728917224903,0.33233517157173,0.9279869067103109,0.927628461902916,0.8700625687520614,S2,"[8.950429736099267e-06, 8.672637280663557e-05]"
66,0.26348220010517276,0.2075934317739694,0.9632052330335241,0.9629575784009061,0.9173992984563957,0.3466318140931293,0.3319968726065272,0.9279869067103109,0.927628461902916,0.8713098652782666,S2,"[8.716615824122596e-06, 8.420524888619147e-05]"
67,0.2633051055552817,0.22270309278103337,0.9656582174979559,0.9654032049485958,0.9086927116313367,0.34660131329405325,0.33207066715641614,0.9279869067103109,0.927628461902916,0.8713098652782666,S2,"[4.414352723698717e-06, 4.0996703334756394e-05]"
