epoch,train_loss,train_auxiliary_loss,train_accuracy,train_auxiliary_accuracy,train_macro_f1,train_auxiliary_macro_f1,val_loss,val_auxiliary_loss,val_accuracy,val_auxiliary_accuracy,val_macro_f1,val_auxiliary_macro_f1,stage,learning_rates
1,0.7665794534168571,0.9300997863513762,0.7833197056418643,0.6242845461978741,0.7818019625334522,0.5786252591756676,0.6125730276107788,0.6756174261948481,0.823240589198036,0.7577741407528642,0.8232363277901594,0.7285384175374557,S1,[0.008]
2,0.6316186284200149,0.7008189209055335,0.8205233033524121,0.7305805396565822,0.8192286383301738,0.699908091852854,0.7486305877737055,0.5958039275753128,0.7610474631751227,0.7839607201309329,0.756102495680133,0.7600069423461909,S1,[0.008]
3,0.6268047975012249,0.650102710831097,0.820932134096484,0.7461161079313164,0.8195247512743715,0.7185166085041009,0.5583692863217743,0.6016563761448899,0.851063829787234,0.7725040916530278,0.8497095608408545,0.7507846638797571,S1,[0.008]
4,0.611320605213683,0.6369152624687013,0.8336058871627147,0.758381030253475,0.8324971838107185,0.7346985873779526,0.6228818455421398,0.5724803542934737,0.8166939443535188,0.7888707037643208,0.8069902299239604,0.7665160144360188,S1,[0.008]
5,0.5869549457059955,0.6111399692194636,0.8409648405560098,0.7788225674570728,0.8396558857109153,0.7534104236253383,0.6112462689950696,0.5591900916419521,0.8183306055646481,0.7986906710310966,0.8091511544468364,0.7735639200840818,S1,[0.008]
6,0.5891869051575368,0.6141325066982481,0.8462796402289452,0.7665576451349142,0.8449322973185327,0.7400271623536587,0.6669293909338219,0.5930503627282313,0.7888707037643208,0.7855973813420621,0.7866741366850981,0.7609959680090059,S1,[0.008]
7,0.5947473995381463,0.6086306313170046,0.8327882256745708,0.7600163532297629,0.8315105547796087,0.7346709668143078,0.5260070254096423,0.5588442964171427,0.8641571194762684,0.7888707037643208,0.8627438243787842,0.7612813010368266,S1,[0.008]
8,0.5780133011637413,0.6032826762801784,0.8479149632052331,0.7739165985282094,0.8465819537300376,0.7480321272854982,0.528719867309845,0.5655937733314627,0.8756137479541735,0.7921440261865794,0.8736063931713265,0.7734037628252621,S1,[0.008]
9,0.5561608695779193,0.5589718644919205,0.856909239574816,0.7923139820114473,0.8555875684866806,0.774257818290111,0.5124269705357216,0.5400723866667178,0.8756137479541735,0.8036006546644845,0.8742771123481123,0.7814259858338815,S2,"[0.00016, 0.0016]"
10,0.5212288676035375,0.5406199450972425,0.8634505314799673,0.8000817661488144,0.8621674241887428,0.7817034782216827,0.4989925941449335,0.5131278250689593,0.8756137479541735,0.8134206219312602,0.8737108916061094,0.7967641070389762,S2,"[0.00028, 0.0028]"
11,0.4953170406311531,0.5092509221209431,0.8712183156173344,0.8086672117743254,0.8700995230963685,0.7902889557367602,0.473026642335027,0.4806504442239159,0.8870703764320785,0.8134206219312602,0.8867974684563975,0.7923065766882584,S2,"[0.0004, 0.004]"
12,0.46403392545044275,0.44522616596175135,0.883483237939493,0.8352412101390024,0.8824889068995436,0.8159676186014941,0.4551092672562638,0.4608297138284349,0.8985270049099836,0.8330605564648118,0.8982301360441876,0.8145335791241224,S2,"[0.0004, 0.004]"
13,0.4512875535550511,0.4465667608567953,0.8941128372853638,0.8340147179067866,0.8934215013289633,0.8171758217143724,0.43386734219697803,0.42994781504286095,0.8985270049099836,0.839607201309329,0.8974365916524074,0.8244529925065791,S2,"[0.0004, 0.004]"
14,0.417767986740524,0.401193987855342,0.901471790678659,0.8499591169255928,0.9007471500959299,0.8357736957059425,0.4528777649574311,0.42587832913851387,0.8919803600654664,0.8412438625204582,0.8919777558717641,0.8176297711562883,S2,"[0.0004, 0.004]"
15,0.402812412110685,0.38242986922564315,0.9133278822567457,0.856909239574816,0.9127677685255278,0.8419519003903164,0.44247156342586014,0.4135693292668525,0.8821603927986906,0.8412438625204582,0.8793655668655669,0.8258643460110647,S2,"[0.0004, 0.004]"
16,0.38489048571637297,0.3542040045253585,0.9182338511856092,0.8736713000817662,0.9175298052543561,0.8609905549750324,0.40541692119573414,0.3976565905268961,0.9165302782324058,0.8445171849427169,0.9163546171252788,0.8307501736465684,S2,"[0.0004, 0.004]"
17,0.3688086715031138,0.3473380066436134,0.9264104660670482,0.8744889615699101,0.9259151568018125,0.8621000753642032,0.4029025302776143,0.3907395758820048,0.9099836333878887,0.851063829787234,0.9098667782435756,0.8350835203573168,S2,"[0.0004, 0.004]"
18,0.35660678352962627,0.32910339498948776,0.9304987735077678,0.8867538838920687,0.930030981423934,0.8749157241617834,0.40202992939910015,0.3872906708580773,0.9034369885433715,0.851063829787234,0.903370726280943,0.8286923377125937,S2,"[0.0004, 0.004]"
19,0.34636313100867067,0.3147946365622351,0.9358135731807032,0.8830744071954211,0.9354030208459667,0.8723144537172377,0.3824311366545588,0.3746428707227379,0.9263502454991817,0.8625204582651391,0.9256331125362098,0.8521791414449211,S2,"[0.0004, 0.004]"
20,0.3390655839238514,0.3049895207802,0.9366312346688471,0.8892068683565004,0.9361470317624432,0.8799692481490764,0.4233900082286953,0.3904835543733962,0.8870703764320785,0.8543371522094927,0.8843326885880077,0.8407394757273958,S2,"[0.0004, 0.004]"
21,0.34707395543549163,0.30759294078862776,0.9313164349959117,0.884709730171709,0.9308994931068996,0.876317815653904,0.42605229914676146,0.3752545071506656,0.8919803600654664,0.8543371522094927,0.8891874958781244,0.8417426510348519,S2,"[0.0004, 0.004]"
22,0.3166653265961836,0.2793902515853319,0.9509403107113655,0.8945216680294358,0.9505547263765401,0.8875138053327444,0.3642799502601405,0.3507248576114689,0.9361702127659575,0.8756137479541735,0.9358063603669131,0.8614697062510462,S2,"[0.0004, 0.004]"
23,0.3151688927134235,0.2743351789814278,0.9484873262469338,0.8994276369582993,0.9481048074228937,0.8905611814822981,0.42595403801204723,0.38458517013321925,0.8952536824877251,0.8657937806873978,0.8952534019072109,0.8497002341403771,S2,"[0.0004, 0.004]"
24,0.31465593779662154,0.27724262006513817,0.946034341782502,0.8990188062142274,0.945663763995024,0.8907708482530547,0.3565522999107935,0.33152515610676936,0.9312602291325696,0.8854337152209493,0.9308152701391135,0.8738257516098282,S2,"[0.0004, 0.004]"
25,0.2987251609612564,0.24889357363651352,0.9488961569910057,0.9145543744889616,0.9485759966039133,0.9069020789545772,0.35624445967510365,0.3346825251553921,0.9312602291325696,0.8870703764320785,0.9308853313798156,0.8761081164807873,S2,"[0.0004, 0.004]"
26,0.29294749876318266,0.2500421675203866,0.955846279640229,0.9063777596075225,0.9555838920487217,0.9002162599097049,0.3663765168131471,0.3513452046095057,0.9328968903436988,0.8821603927986906,0.9326631274779922,0.8678993157859367,S2,"[0.0002, 0.002]"
27,0.2820435220212695,0.22761919787450588,0.9574816026165167,0.9215044971381848,0.9571658727934995,0.9146432577874525,0.3542271735430154,0.32734607699069573,0.9263502454991817,0.8756137479541735,0.9256805520641589,0.8635595207703364,S2,"[0.0002, 0.002]"
28,0.28089371447863387,0.22400841474508712,0.9595257563368765,0.9243663123466884,0.9592560717377423,0.9176500219449146,0.3575648839559571,0.33012303005166216,0.9279869067103109,0.88379705400982,0.9278010527446557,0.8711145497410187,S2,"[0.0002, 0.002]"
29,0.2773742200479289,0.22336604246962588,0.9611610793131643,0.9202780049059689,0.9609177574189742,0.913620563234857,0.34687531372431646,0.32160330852783253,0.9345335515548282,0.8870703764320785,0.9340372241654791,0.8756596451283964,S2,"[0.0002, 0.002]"
30,0.27608497559000794,0.21876628123047112,0.9603434178250204,0.9202780049059689,0.9600738071338484,0.913053574419815,0.3487779503221793,0.32646732644441673,0.9361702127659575,0.8903436988543372,0.9358671751575129,0.8798956964012025,S2,"[0.0001, 0.001]"
31,0.2714063593918246,0.2196866327977434,0.9636140637775961,0.9235486508585445,0.9633716200470613,0.9185505996808174,0.3481139370930761,0.3222221585566791,0.939443535188216,0.88379705400982,0.9391278592296404,0.8710300035337303,S2,"[0.0001, 0.001]"
32,0.27017383681928536,0.2075020867664114,0.9627964022894522,0.9227309893704007,0.9625584388342865,0.9187785561128526,0.34602679078102894,0.32053046855228035,0.939443535188216,0.8870703764320785,0.9390983418865586,0.8749400485035818,S2,"[0.0001, 0.001]"
33,0.26143065702934687,0.20718684685298486,0.9664758789860998,0.92886345053148,0.966236398405516,0.9218488095257861,0.346300006278603,0.3200216262605889,0.9296235679214403,0.8854337152209493,0.9290695319987582,0.8758266268150117,S2,"[0.0001, 0.001]"
34,0.2664508233280915,0.2213421419494384,0.9713818479149632,0.919869174161897,0.9711733953437003,0.913582319219838,0.3439983942602348,0.3194930524170496,0.9361702127659575,0.8854337152209493,0.9357398852815779,0.8733735109356253,S2,"[0.0001, 0.001]"
35,0.2637281592566755,0.2095446031988398,0.9648405560098119,0.9296811120196239,0.9646133400622425,0.9227118278004776,0.3438597987306879,0.3194933106388086,0.9361702127659575,0.8903436988543372,0.9357398852815779,0.8803000053258501,S2,"[5e-05, 0.0005]"
36,0.2624111213064155,0.21378770302478545,0.9652493867538839,0.9223221586263287,0.9650316776906611,0.9169167978315741,0.34385120341898767,0.31942521662446755,0.9427168576104746,0.8903436988543372,0.9423903234062041,0.87997705466184,S2,"[5e-05, 0.0005]"
37,0.26123552391106053,0.20925987608736885,0.9672935404742437,0.9276369582992641,0.9670644471748606,0.9218210684202806,0.3487971533827618,0.32396902146394047,0.939443535188216,0.8887070376432079,0.9392083941733422,0.8777807158237706,S2,"[5e-05, 0.0005]"
38,0.26113906310214824,0.20756118070221494,0.9627964022894522,0.9231398201144726,0.9625869852676568,0.9171043167271413,0.3429786893622965,0.3185001537081848,0.9410801963993454,0.8854337152209493,0.9407588554684133,0.8748784747566754,S2,"[5e-05, 0.0005]"
39,0.2640534871831256,0.2071939777592022,0.9689288634505315,0.92886345053148,0.9687197328718764,0.9226242004116996,0.3444854144720321,0.3192602251389608,0.9378068739770867,0.8919803600654664,0.9374973080070638,0.8825674736881103,S2,"[4.997668142875552e-05, 0.0004997625312846735]"
40,0.2664758898104592,0.21102006043187926,0.9648405560098119,0.9276369582992641,0.9646086486020857,0.9227857133957684,0.34354012060770234,0.31802483129813514,0.9378068739770867,0.8903436988543372,0.937467680772214,0.8802463090499358,S2,"[4.9906770103247766e-05, 0.0004990505771738905]"
41,0.2567530935622587,0.19404675620847905,0.9726083401471791,0.92886345053148,0.9724331362845846,0.9236936876322243,0.34282904770682565,0.31766158352116713,0.9378068739770867,0.8952536824877251,0.937467680772214,0.8860166872300177,S2,"[4.979039910365836e-05, 0.0004978654929127657]"
42,0.26110572207685584,0.2088966353789569,0.9697465249386754,0.9260016353229763,0.9695428977963008,0.9194185326633384,0.3427440043410771,0.3181364580184075,0.9427168576104746,0.8903436988543372,0.9423903234062041,0.8810529195337016,S2,"[2.48176930361465e-05, 0.00024810856525001994]"
43,0.2586927998411977,0.20542134914793933,0.9681112019623875,0.9313164349959117,0.9679216998129657,0.9257935986032525,0.3422116601379335,0.3175519611655983,0.9410801963993454,0.8903436988543372,0.9407294832826748,0.8814996389690422,S2,"[2.47155520854392e-05, 0.0002470488528864317]"
44,0.26137453873237426,0.2078335744040186,0.96443172526574,0.9276369582992641,0.9642042217426695,0.9215175693892635,0.34237617612763044,0.3174281567091247,0.939443535188216,0.8919803600654664,0.9391278592296404,0.8827412169732093,S2,"[2.459110991546882e-05, 0.000245757765372989]"
45,0.2524737624096656,0.19403901166196544,0.9717906786590351,0.9284546197874081,0.9716102448303929,0.9228506511536069,0.34169065135297916,0.316781406536235,0.9361702127659575,0.8936170212765957,0.9357398852815779,0.8839196658578614,S2,"[2.4444603408978723e-05, 0.00024423776036815425]"
46,0.2573223669608889,0.19899337407953896,0.9713818479149632,0.92886345053148,0.9711853293913006,0.923034320166757,0.34223125233587776,0.3171295331464852,0.9410801963993454,0.8903436988543372,0.9407588554684133,0.880704561336274,S2,"[1.2153232569518974e-05, 0.00012126094248872632]"
47,0.2631702010054522,0.20912345722378617,0.9660670482420278,0.9186426819296811,0.9658588717441627,0.9123847025242985,0.34207332861013773,0.3169564544276598,0.9410801963993454,0.8903436988543372,0.9407294832826748,0.880454270162722,S2,"[1.2062307311939899e-05, 0.00012028053101569978]"
48,0.25519828419166807,0.19783510504106178,0.9713818479149632,0.9329517579721995,0.9712006835674687,0.9282085987238039,0.3421479462357863,0.3170584686063901,0.9378068739770867,0.8903436988543372,0.9374042920306267,0.8809561718935461,S2,"[1.1961269775460739e-05, 0.00011919108279627231]"
49,0.2546744462976861,0.19825146433791466,0.9693376941946035,0.9284546197874081,0.9691121836398122,0.9224056870034869,0.34289355897961976,0.3176702184148389,0.9410801963993454,0.8952536824877251,0.9407869233751132,0.8862109281383808,S2,"[1.1850312290774774e-05, 0.00011799467165704974]"
50,0.25883803865700983,0.20735800941265323,0.9689288634505315,0.9260016353229763,0.9687402468816926,0.9190788445699961,0.3426116814687482,0.31750018862967794,0.939443535188216,0.8952536824877251,0.9391278592296404,0.8867329792766617,S2,"[5.898316684934152e-06, 5.8380281166371496e-05]"
51,0.2530428736012974,0.2009145891140059,0.9689288634505315,0.928045789043336,0.9687280679619816,0.9240701621356684,0.3425372161471122,0.3175991575573548,0.939443535188216,0.8952536824877251,0.9391278592296404,0.8867329792766617,S2,"[5.838902545258826e-06, 5.768428695874624e-05]"
52,0.2556388884514741,0.20170518500046564,0.9709730171708912,0.9272281275551921,0.9707949384799464,0.9211989738149001,0.3425363062495296,0.3175507901928429,0.939443535188216,0.8952536824877251,0.9391278592296404,0.8867329792766617,S2,"[5.775274116258604e-06, 5.6938925361886505e-05]"
