epoch,stage,lr,backbone_lr,classifier_lr,train_loss,val_loss,train_classification_loss,train_logit_penalty,val_classification_loss,val_logit_penalty,val_max_abs_logit,val_out_of_range_ratio,train_accuracy,val_accuracy,train_precision,val_precision,train_recall,val_recall,train_f1,val_f1,val_logit_min,val_logit_max,val_prob_min,val_prob_max
1,S1,0.008,0.0,0.008,0.4363981128605579,0.3439113626150581,0.4269790645803119,0.00941905125099955,0.3439113626150581,0.002657195231385105,6.049610137939453,0.07967479674796749,0.8065428109854604,0.865040650406504,0.8066937265513681,0.8657650597305769,0.8062583422262689,0.8653008123201895,0.8063651447987095,0.8650178098746302,-4.7370147705078125,6.049610137939453,0.008688618429005146,0.9976467490196228
2,S1,0.008,0.0,0.008,0.38738573613382504,0.3286179191697904,0.3789342844043294,0.008451451750559452,0.3286179191697904,0.002894781657865619,5.951489448547363,0.0959349593495935,0.8537964458804523,0.865040650406504,0.854285375934217,0.8662581110310021,0.8534307150572901,0.8653748519207988,0.8536115313959292,0.864989248335674,-4.75053596496582,5.951489448547363,0.008572928607463837,0.9974047541618347
3,S1,0.008,0.0,0.008,0.3794818848901111,0.3196305310096198,0.37067592004389294,0.008805963334887739,0.3196305310096198,0.003813077931905665,5.9447760581970215,0.12682926829268293,0.8481421647819063,0.8634146341463415,0.8483829955518079,0.8654558814133282,0.8478645532482876,0.8629897190726011,0.8479989550679206,0.8631102537468467,-5.5835280418396,5.9447760581970215,0.0037452001124620438,0.9973873496055603
4,S1,0.008,0.0,0.008,0.38203539784775026,0.3785178157614499,0.3726861226539427,0.009349275887409686,0.3785178157614499,0.010186510583067812,6.617818832397461,0.15284552845528454,0.851373182552504,0.8520325203252033,0.8518554139931525,0.8700341213746039,0.8510066150386884,0.8532905313927907,0.851185203187022,0.850513247200045,-3.4396302700042725,6.617818832397461,0.031079614534974098,0.998665452003479
5,S1,0.008,0.0,0.008,0.3633838089390602,0.3229951284765228,0.3525544072295237,0.010829402339947147,0.3229951284765228,0.0009158710915050128,5.092813014984131,0.06991869918699187,0.8638933764135702,0.8747967479674796,0.8642576898932831,0.8784224598930481,0.8635836735493092,0.8742437383652056,0.8637475577705149,0.874366259958772,-5.016563892364502,5.092813014984131,0.00658362777903676,0.9938967823982239
6,S1,0.008,0.0,0.008,0.36082303461427645,0.31064519865241474,0.3521605255819484,0.008662507730131436,0.31064519865241474,0.0016315797781117443,5.480301856994629,0.07804878048780488,0.8634894991922456,0.8780487804878049,0.8638330843241935,0.8790784809051733,0.8631871628435202,0.8777553308512438,0.8633468404565774,0.8778925242428013,-4.853819847106934,5.480301856994629,0.007738185580819845,0.9958492517471313
7,S1,0.008,0.0,0.008,0.36078537627452795,0.3221227347366209,0.35145302812579376,0.009332346877381084,0.3221227347366209,0.005742001918261531,6.654670238494873,0.12357723577235773,0.8691437802907916,0.8731707317073171,0.8694993772047117,0.8755980861244019,0.8688433962202575,0.8736355559316298,0.8690070304968374,0.8730495628056656,-4.475922107696533,6.654670238494873,0.011251683346927166,0.9987137317657471
8,S1,0.008,0.0,0.008,0.368470607936286,0.3296592905996292,0.35920999532562464,0.009260614170137679,0.3296592905996292,0.004615607230765063,5.820377349853516,0.1008130081300813,0.8667205169628432,0.8845528455284553,0.8671541993939524,0.8864678899082569,0.8663892723457443,0.8849636148248434,0.8665669418896321,0.8844746526831566,-4.43017578125,5.820377349853516,0.011772160418331623,0.9970422387123108
9,S2,0.0004,4e-05,0.0004,0.5414978145397538,0.47454329060345163,0.5385597727603019,0.002938044028428044,0.47454329060345163,4.7800798956740166e-05,4.58064079284668,0.011382113821138212,0.7411147011308562,0.7837398373983739,0.7426632428466617,0.786540511727079,0.741783417041149,0.7842856236249789,0.7409868967226874,0.783409991817799,-4.095333576202393,4.58064079284668,0.01637750305235386,0.9898556470870972
10,S2,0.0016,0.00016,0.0016,0.4534096838199264,0.39198765686857023,0.4499950921689559,0.003414592236244332,0.39198765686857023,0.0016377377068023842,6.20098352432251,0.05853658536585366,0.8041195476575121,0.8520325203252033,0.8040585704140034,0.8520095187731359,0.8040293972710926,0.8520318581824335,0.8040428023024799,0.852018435226831,-6.20098352432251,5.116110801696777,0.002023333450779319,0.9940364360809326
11,S2,0.0028,0.00028,0.0028,0.41618445366380286,0.3657517157434448,0.40758293862296613,0.0086015161038083,0.3657517157434448,0.0021960571571063947,6.634561538696289,0.07479674796747968,0.8247172859450727,0.8617886178861789,0.824746934113066,0.861907836247407,0.8245366698974946,0.8616781604332374,0.8246073110428203,0.8617359772112325,-6.634561538696289,5.143240928649902,0.001312430133111775,0.9941951632499695
12,S2,0.004,0.0004,0.004,0.4083531609163146,0.35125202926678384,0.3991984229095533,0.009154737537338583,0.35125202926678384,0.00348571430119436,6.978357791900635,0.08617886178861789,0.8319870759289176,0.865040650406504,0.8322637382755926,0.8655851864413966,0.8316738626016976,0.8648195549162295,0.8318114959465568,0.8649249406590616,-6.978357791900635,5.374912738800049,0.0009309647139161825,0.9953900575637817
13,S2,0.004,0.0004,0.004,0.3803287430129259,0.35289115035921576,0.36886507941948576,0.011463667955535415,0.35289115035921576,0.003977866657456853,7.22659158706665,0.0943089430894309,0.8614701130856219,0.8504065040650407,0.8617181065924153,0.8535334102860075,0.8612046093145749,0.8498688441360637,0.861342890743126,0.849920424403183,-7.22659158706665,4.868404388427734,0.0007264664163812995,0.9923729300498962
14,S2,0.004,0.0004,0.004,0.3710964374087739,0.3408900724193914,0.3614363150854681,0.009660123059035599,0.3408900724193914,0.0029094678539086163,6.400449752807617,0.1008130081300813,0.8602584814216478,0.8715447154471545,0.8605574329293766,0.8716576408867829,0.8599700414133404,0.8716576408867829,0.8601196638023203,0.8715447154471545,-6.400449752807617,5.5489702224731445,0.0016580563969910145,0.9961236119270325
15,S2,0.004,0.0004,0.004,0.3698709742895813,0.3388921076447014,0.36103761143175966,0.008833366902830962,0.3388921076447014,0.003427277331248047,5.963684558868408,0.11219512195121951,0.8578352180936996,0.8699186991869918,0.8581293773155276,0.8712931144202622,0.8575459413947386,0.87027204264681,0.8576939932324184,0.869860549759824,-5.963684558868408,5.711831569671631,0.0025638334918767214,0.9967042803764343
16,S2,0.004,0.0004,0.004,0.3608296816876709,0.32604148247377657,0.35187272065483116,0.00895696030162359,0.32604148247377657,0.004068449870834687,7.204127788543701,0.08455284552845528,0.8711631663974152,0.8845528455284553,0.8711152882205514,0.8878036015636682,0.8711261883083189,0.884038119817228,0.8711205960430124,0.8841989131962584,-7.204127788543701,4.917423248291016,0.0007429580437019467,0.9927351474761963
17,S2,0.004,0.0004,0.004,0.34419988488149567,0.3141338687359802,0.3352251049004772,0.008974779687629282,0.3141338687359802,0.0032729454599775194,6.6897077560424805,0.08292682926829269,0.8760096930533118,0.8861788617886179,0.8760788923719958,0.8865066084893671,0.875854292921876,0.8860160348620748,0.8759343904825558,0.8861111111111111,-6.6897077560424805,4.98730993270874,0.0012421014253050089,0.9932222366333008
18,S2,0.004,0.0004,0.004,0.34054480447330077,0.31649623661021875,0.3311845159492123,0.009360288084756961,0.31649623661021875,0.0031872966232126564,6.752036094665527,0.0910569105691057,0.8747980613893377,0.8878048780487805,0.8752075481815869,0.8879199103063125,0.8744846176690393,0.8879199103063125,0.8746605894459891,0.8878048780487805,-6.752036094665527,5.326086044311523,0.0011671342654153705,0.9951605200767517
19,S2,0.004,0.0004,0.004,0.3312260698232204,0.3280305298847881,0.3214855214313082,0.009740549333578635,0.3280305298847881,0.003932599427568446,6.94270133972168,0.07804878048780488,0.880048465266559,0.8813008130081301,0.880012371069445,0.8872691463257135,0.8801346504668384,0.8806005669317989,0.8800320079089878,0.8806901078692175,-6.94270133972168,4.582705974578857,0.0009647259139455855,0.9898763298988342
20,S2,0.004,0.0004,0.004,0.33728437046242066,0.3088119615141938,0.32750731114424486,0.009777060266800815,0.3088119615141938,0.003076420515790824,6.175255298614502,0.11056910569105691,0.8752019386106623,0.8894308943089431,0.875774723088842,0.8900800457404231,0.8748360925909608,0.8896757065493315,0.8750404848876836,0.8894165679471993,-6.175255298614502,5.873871803283691,0.002075956203043461,0.9971959590911865
21,S2,0.004,0.0004,0.004,0.32103470102650666,0.3176392886454497,0.31240666822586,0.008628032260509705,0.3176392886454497,0.004940795377171334,7.3232622146606445,0.08943089430894309,0.8937802907915994,0.8861788617886179,0.8937395572263993,0.8913043478260869,0.8937511218152685,0.8855347774581148,0.8937451936028598,0.8856707317073171,-7.3232622146606445,4.664319038391113,0.0006595702725462615,0.9906623959541321
22,S2,0.004,0.0004,0.004,0.32949502344855586,0.3022665911331409,0.32198391621255334,0.007511109160334594,0.3022665911331409,0.0032819373911716103,6.487144470214844,0.1024390243902439,0.882875605815832,0.8975609756097561,0.8833034804007159,0.8977075483679776,0.8825649510643783,0.8974551531562025,0.882747003030119,0.8975219595800901,-6.487144470214844,5.4491167068481445,0.0015205757226794958,0.9957183003425598
23,S2,0.004,0.0004,0.004,0.31340316621667924,0.30527770810010957,0.3045940198882909,0.008809143707445058,0.30527770810010957,0.004792066619587623,6.381330966949463,0.15447154471544716,0.8933764135702746,0.8878048780487805,0.8936618121190059,0.8888041197787526,0.8931294321901424,0.8881050093078355,0.8932810892883382,0.8877752066115703,-6.381330966949463,5.877534866333008,0.0016900073969736695,0.9972061514854431
24,S2,0.004,0.0004,0.004,0.30572598305965665,0.30715681175148585,0.29712412781977304,0.008601856147133187,0.30715681175148585,0.007467411894623827,6.546480655670166,0.1902439024390244,0.9054927302100162,0.8861788617886179,0.9055542604603966,0.8876002290950744,0.9053700277067975,0.8865343120663395,0.9054408432415917,0.8861279810398459,-6.546480655670166,5.905176639556885,0.0014331009006127715,0.9972821474075317
25,S2,0.004,0.0004,0.004,0.2993405190731289,0.2947445252561957,0.28904140062979233,0.010299117200570076,0.2947445252561957,0.0038722670629499404,6.135985374450684,0.13983739837398373,0.9050888529886915,0.9024390243902439,0.9051194160431439,0.9024208388857161,0.9049885289289642,0.9024634032831274,0.905041998018458,0.902432575356954,-6.135985374450684,5.833332538604736,0.0021589212119579315,0.9970802664756775
26,S2,0.004,0.0004,0.004,0.29922877890035293,0.2919479581883283,0.29039477035764344,0.008834007727990291,0.2919479581883283,0.00465018473020414,6.3654656410217285,0.16585365853658537,0.9091276252019386,0.8975609756097561,0.9090790435418189,0.8975409836065573,0.9091337791223244,0.8975662125571162,0.9091027012210194,0.8975512243878061,-6.3654656410217285,5.674239635467529,0.0017169873462989926,0.9965785145759583
27,S2,0.004,0.0004,0.004,0.29945269669970326,0.30174311285581046,0.28967457918242606,0.009778119552946727,0.30174311285581046,0.005074637201501102,5.832667827606201,0.15772357723577235,0.907108239095315,0.8878048780487805,0.907342683616096,0.8890803257135587,0.9068960228181304,0.8881420291081401,0.90703393388746,0.8877621462067652,-5.832667827606201,5.697393894195557,0.0029216879047453403,0.9966565370559692
28,S2,0.004,0.0004,0.004,0.2977192220135151,0.29185511670946107,0.28936628133106695,0.00835294139560956,0.29185511670946107,0.0050158732305697305,6.247869968414307,0.14796747967479676,0.8990306946688207,0.9024390243902439,0.8989821070911835,0.9029041954193302,0.8990258564141727,0.9026485022846505,0.8990016335955484,0.902432575356954,-5.788305759429932,6.247869968414307,0.0030538130085915327,0.9980692267417908
29,S2,0.004,0.0004,0.004,0.2894795200454977,0.29338502295133545,0.2799089817700363,0.009570539852992447,0.29338502295133545,0.004905723106888373,6.6433234214782715,0.11382113821138211,0.9103392568659128,0.9073170731707317,0.9103639591220899,0.9084530961428238,0.9102482515999125,0.907027415806397,0.9102965895627368,0.9071983184245289,-6.6433234214782715,5.56525182723999,0.0013009959366172552,0.9961859583854675
30,S2,0.004,0.0004,0.004,0.28852275013923645,0.2871428034896773,0.2791020044987729,0.00942074311280289,0.2871428034896773,0.003949920322965619,6.174779891967773,0.11219512195121951,0.9127625201938611,0.8975609756097561,0.9128796314861706,0.8996445144535741,0.9126123039066911,0.8971589947537655,0.9127077861411271,0.8973481948172033,-6.174779891967773,5.286965847015381,0.0020769413094967604,0.9949683547019958
31,S2,0.004,0.0004,0.004,0.2887036643428833,0.2814939720359275,0.27942381091476065,0.009279853166329264,0.2814939720359275,0.003861682784243873,6.134385585784912,0.11056910569105691,0.9095315024232633,0.9089430894308943,0.9095749091609509,0.9096971881759193,0.9094252063324229,0.908709172448807,0.9094852009974802,0.9088560963732983,-6.134385585784912,5.544480800628662,0.00216237036511302,0.9961062073707581
32,S2,0.004,0.0004,0.004,0.29324089238639794,0.28948539076297264,0.2844279543744921,0.008812939227590268,0.28948539076297264,0.004591905748200929,6.908804416656494,0.1008130081300813,0.9143780290791599,0.9008130081300812,0.9143594172134941,0.9033179193214993,0.9143334540814495,0.9003744288373667,0.9143458384353698,0.9005764261578215,-6.908804416656494,4.778658390045166,0.0009979545138776302,0.991662859916687
33,S2,0.004,0.0004,0.004,0.2817338112868092,0.28469879187461805,0.2720561519096664,0.009677658760273206,0.28469879187461805,0.005243312344106474,6.3749799728393555,0.16422764227642275,0.9159935379644588,0.9056910569105691,0.9160634679339881,0.9057013833072465,0.9158744611207383,0.905752876967338,0.9159474162147483,0.9056888127419253,-6.3749799728393555,5.942551612854004,0.001700756372883916,0.9973815083503723
34,S2,0.004,0.0004,0.004,0.28006382149332754,0.2824038951619854,0.2714156626403236,0.008648157983368356,0.2824038951619854,0.005835008861996779,6.3079729080200195,0.16910569105691056,0.9172051696284329,0.9073170731707317,0.9174725877909484,0.907308896315411,0.9169889335983266,0.9073605940091386,0.9171370337448076,0.9073131522517973,-6.3079729080200195,5.538315773010254,0.0018184096552431583,0.9960822463035583
35,S2,0.004,0.0004,0.004,0.2881787718305295,0.28434998901878916,0.2787076593986043,0.009471114306606845,0.28434998901878916,0.004008721467675414,6.613554954528809,0.10894308943089431,0.9139741518578353,0.9024390243902439,0.91397582024467,0.905626240847085,0.9139069195197489,0.9019451260788627,0.9139376384531595,0.9021573119511264,-6.613554954528809,4.995663166046143,0.0013402540935203433,0.9932782053947449
36,S2,0.004,0.0004,0.004,0.2806438882872823,0.2798116103178117,0.2723960859132314,0.008247804447334495,0.2798116103178117,0.004857822303183195,5.937957286834717,0.15284552845528454,0.9151857835218093,0.9089430894308943,0.9151340152367902,0.9089534244257371,0.9152315589887182,0.9090053308512438,0.9151678500574292,0.9089409226473761,-5.937957286834717,5.829102993011475,0.0026304740458726883,0.9970679879188538
37,S2,0.004,0.0004,0.004,0.2710577548031661,0.28323503537633554,0.26236109264640317,0.008696661070470664,0.28323503537633554,0.0035096777171441692,5.500772953033447,0.13821138211382114,0.9176090468497576,0.9008130081300812,0.9176802690837713,0.9018373704622036,0.9174905277998062,0.9011148248434592,0.9175638120567723,0.9007867768595041,-5.488521575927734,5.500772953033447,0.004116931930184364,0.9959329962730408
38,S2,0.004,0.0004,0.004,0.2744154987889846,0.2735677113620246,0.2659139182051472,0.008501581314677351,0.2735677113620246,0.004121309739529965,6.385562896728516,0.13333333333333333,0.9159935379644588,0.9138211382113821,0.9159755851591919,0.9141096499587066,0.9159495207605173,0.9136804027754273,0.9159619546913061,0.9137764563036169,-6.385562896728516,5.455214500427246,0.0016828824300318956,0.9957441687583923
39,S2,0.004,0.0004,0.004,0.2701529572824669,0.27020719419649947,0.2607644429258846,0.009388512998152831,0.27020719419649947,0.0035647067915254493,6.238158702850342,0.12845528455284552,0.9248788368336026,0.9138211382113821,0.9249126614319021,0.9138264788017263,0.9247928517115229,0.9137914621763412,0.9248430885525634,0.9138065532934385,-6.238158702850342,5.412394046783447,0.001949640573002398,0.9955588579177856
40,S2,0.004,0.0004,0.004,0.27426389187141076,0.2736120457450549,0.2653412062536341,0.008922687269783366,0.2736120457450549,0.0063327796757221225,6.0586748123168945,0.17073170731707318,0.9240710823909531,0.9121951219512195,0.9241474736829045,0.9126677532703951,0.9239547945160775,0.9124058639363682,0.9240293954248686,0.9121893178212586,-6.052798748016357,6.0586748123168945,0.0023457566276192665,0.9976679682731628
41,S2,0.004,0.0004,0.004,0.27219720110176837,0.272358705842398,0.2641274944453324,0.008069707318442318,0.272358705842398,0.004208955021832532,5.711917400360107,0.14796747967479676,0.9192245557350566,0.9154471544715447,0.919180725753663,0.9156194465600407,0.9192266899025203,0.9155842782196649,0.9192013068764386,0.9154469309192437,-5.449258327484131,5.711917400360107,0.004281085915863514,0.996704638004303
42,S2,0.004,0.0004,0.004,0.25798992685046834,0.27024057570511734,0.24835010886384906,0.009639817416391099,0.27024057570511734,0.003977322849687341,6.172774791717529,0.11056910569105691,0.9305331179321487,0.9138211382113821,0.9305517746080926,0.9149807884178572,0.9304640970162161,0.9135323235742089,0.9305024648034423,0.9137107171315796,-6.172774791717529,5.387489318847656,0.002081101294606924,0.9954473376274109
43,S2,0.004,0.0004,0.004,0.2602177843908886,0.278325239478088,0.25091903133134275,0.009298752358420986,0.278325239478088,0.004285528777333779,5.858835220336914,0.15284552845528454,0.9268982229402262,0.9089430894308943,0.9270438994568413,0.9091139883219091,0.9267453813845566,0.9090793704518532,0.9268508654137599,0.9089428486822624,-5.629489421844482,5.858835220336914,0.003577563213184476,0.9971535205841064
44,S2,0.004,0.0004,0.004,0.2631319333259046,0.27866788502873446,0.25421044945427984,0.008921485457430942,0.27866788502873446,0.004566199639887829,6.014126300811768,0.14796747967479676,0.9301292407108239,0.9138211382113821,0.9302782937655614,0.9143924798340144,0.9299775147426923,0.9140506007784734,0.9300839763346989,0.91381293480244,-5.511338710784912,6.014126300811768,0.004024432972073555,0.9975619316101074
45,S2,0.004,0.0004,0.004,0.26178905310076156,0.2774754113298121,0.25351906448650824,0.00826998776267245,0.2774754113298121,0.006368570503725753,5.988218307495117,0.18048780487804877,0.9289176090468497,0.9138211382113821,0.9288930661210157,0.9142063492063492,0.9288930661210157,0.9140135809781689,0.9288930661210157,0.9138174924446536,-5.627766132354736,5.988218307495117,0.0035837111063301563,0.997498095035553
46,S2,0.002,0.0002,0.002,0.2590884029239368,0.2710429387363961,0.25026051774741376,0.008827883665944917,0.2710429387363961,0.0035612866206745793,6.37075662612915,0.1040650406504065,0.9252827140549273,0.9138211382113821,0.9252375482927848,0.915287456445993,0.9252944459130026,0.9134953037739042,0.9252622210039494,0.913689695987544,-6.37075662612915,5.213535308837891,0.0017079421086236835,0.9945870637893677
47,S2,0.002,0.0002,0.002,0.25675221273798937,0.2701427078586284,0.24981863040820076,0.0069335821206547524,0.2701427078586284,0.0036161346626051557,6.043281555175781,0.12845528455284552,0.928513731825525,0.9121951219512195,0.9286060386012847,0.9121771686020687,0.9283914719195361,0.9122207649348452,0.9284731181742735,0.9121893178212586,-6.043281555175781,5.9371867179870605,0.0023681349121034145,0.9973675608634949
48,S2,0.002,0.0002,0.002,0.26078091265696896,0.26857385545726714,0.2519073358741446,0.00887357681141098,0.26857385545726714,0.003495765974502859,6.3296427726745605,0.11544715447154472,0.9273021001615509,0.9105691056910569,0.9272769994419479,0.9117169422803405,0.9272769994419479,0.910279869690303,0.9272769994419479,0.9104545177780543,-6.3296427726745605,5.625247478485107,0.0017794984159991145,0.9964072108268738
49,S2,0.002,0.0002,0.002,0.263492589813442,0.2687811922736284,0.25646567347072824,0.007026915337667711,0.2687811922736284,0.0038034827686937115,6.503015041351318,0.10894308943089431,0.9260904684975767,0.9154471544715447,0.9261350726681553,0.9178486997635933,0.9259973957568459,0.9150289812150956,0.9260539814356503,0.9152587285099527,-6.503015041351318,5.652541637420654,0.001496669719927013,0.9965037107467651
50,S2,0.002,0.0002,0.002,0.2506253102580642,0.26575686342832516,0.24223686318982976,0.008388445694571261,0.26575686342832516,0.004806067213052657,6.13289213180542,0.15284552845528454,0.9317447495961227,0.9089430894308943,0.9317731944763616,0.9089250586966178,0.9316686410615391,0.9089683110509392,0.931713461037275,0.9089370703331571,-5.820517539978027,6.13289213180542,0.0029572981875389814,0.9978343844413757
51,S2,0.002,0.0002,0.002,0.2436908474838984,0.2636654323920971,0.23462073926201546,0.009070107923227818,0.2636654323920971,0.004447574196459074,6.003796577453613,0.14308943089430895,0.9325525040387722,0.9105691056910569,0.9325153174037555,0.9110169491525424,0.932551734040852,0.9103909290912168,0.9325321555357254,0.9105085337686425,-6.003796577453613,6.001008987426758,0.0024632762651890516,0.997529923915863
52,S2,0.002,0.0002,0.002,0.2561300351662089,0.2651694632884933,0.24855092182298083,0.007579113168699098,0.2651694632884933,0.0031752089742661978,5.802837371826172,0.11544715447154472,0.932956381260097,0.9121951219512195,0.9330935529020203,0.9125593069558586,0.9328131373950389,0.912035665933322,0.9329143171269774,0.9121428571428571,-5.802837371826172,5.74061393737793,0.0030098899733275175,0.996797502040863
53,S2,0.002,0.0002,0.002,0.25080082831552225,0.26388126306417514,0.2430672281104259,0.00773359959424505,0.26388126306417514,0.004064989598785959,6.1968278884887695,0.13495934959349593,0.93578352180937,0.9154471544715447,0.9357806429377116,0.9167622324159022,0.9357388316151203,0.9151400406160095,0.9357583619919471,0.9153287299839024,-6.1968278884887695,5.663454532623291,0.0020317418966442347,0.996541440486908
54,S2,0.002,0.0002,0.002,0.2583814800170781,0.26591644413102933,0.2506107599843107,0.0077707195987019185,0.26591644413102933,0.003004843175290077,5.916360378265381,0.11869918699186992,0.9273021001615509,0.9138211382113821,0.9273810759824712,0.9138022210470651,0.9271869278742131,0.9138284819766458,0.9272621871089167,0.91381293480244,-5.630349636077881,5.916360378265381,0.003574497764930129,0.9973123073577881
55,S2,0.002,0.0002,0.002,0.2561719699707093,0.26280637797785966,0.24837934455694405,0.007792626409783887,0.26280637797785966,0.003552835106440797,5.953782558441162,0.12682926829268293,0.9268982229402262,0.9154471544715447,0.9270746237458194,0.916472148541114,0.9267303694566009,0.9151770604163141,0.9268478087527143,0.9153484530843021,-5.953782558441162,5.8487935066223145,0.0025892804842442274,0.9971248507499695
56,S2,0.002,0.0002,0.002,0.23965169554380686,0.26153237073402097,0.2310191371955086,0.008632558751520317,0.26153237073402097,0.0038731797386293973,6.09572172164917,0.12682926829268293,0.9418416801292407,0.9138211382113821,0.941793987153644,0.9149807884178572,0.9418816472653815,0.9135323235742089,0.9418279782520592,0.9137107171315796,-6.09572172164917,5.867647171020508,0.0022474215365946293,0.9971784353256226
57,S2,0.002,0.0002,0.002,0.24982079962247408,0.26491401505664114,0.24234205657715557,0.0074787421337432665,0.26491401505664114,0.004008836856081597,6.246883392333984,0.12845528455284552,0.9345718901453958,0.9154471544715447,0.9345393528142159,0.9167622324159022,0.934564311425709,0.9151400406160095,0.9345512218045113,0.9153287299839024,-6.246883392333984,5.6046342849731445,0.0019327373011037707,0.9963326454162598
