filename,split,true_class,pred_class,confidence,is_misclassified,path
12--Group_12_Group_Large_Group_12_Group_Large_Group_12_27.jpg_b30430.jpg,val,clear,occluded,0.9837,True,C:\Thực tập LUMI\model_BaiToan\Deepleaning\data\dataset\val\clear\12--Group_12_Group_Large_Group_12_Group_Large_Group_12_27.jpg_b30430.jpg
15--Stock_Market_15_Stock_Market_Stock_Market_15_479.jpg_b38880.jpg,train,clear,occluded,0.9815,True,C:\Thực tập LUMI\model_BaiToan\Deepleaning\data\dataset\train\clear\15--Stock_Market_15_Stock_Market_Stock_Market_15_479.jpg_b38880.jpg
13--Interview_13_Interview_Interview_On_Location_13_704.jpg_b37523.jpg,train,clear,occluded,0.9792,True,C:\Thực tập LUMI\model_BaiToan\Deepleaning\data\dataset\train\clear\13--Interview_13_Interview_Interview_On_Location_13_704.jpg_b37523.jpg
12--Group_12_Group_Team_Organized_Group_12_Group_Team_Organized_Group_12_171.jpg_b7649.jpg,val,clear,occluded,0.9700,True,C:\Thực tập LUMI\model_BaiToan\Deepleaning\data\dataset\val\clear\12--Group_12_Group_Team_Organized_Group_12_Group_Team_Organized_Group_12_171.jpg_b7649.jpg
12--Group_12_Group_Large_Group_12_Group_Large_Group_12_495.jpg_b8428.jpg,val,clear,occluded,0.9673,True,C:\Thực tập LUMI\model_BaiToan\Deepleaning\data\dataset\val\clear\12--Group_12_Group_Large_Group_12_Group_Large_Group_12_495.jpg_b8428.jpg
12--Group_12_Group_Team_Organized_Group_12_Group_Team_Organized_Group_12_40.jpg_b26131.jpg,train,clear,occluded,0.9563,True,C:\Thực tập LUMI\model_BaiToan\Deepleaning\data\dataset\train\clear\12--Group_12_Group_Team_Organized_Group_12_Group_Team_Organized_Group_12_40.jpg_b26131.jpg
13--Interview_13_Interview_Interview_On_Location_13_791.jpg_b9637.jpg,val,clear,occluded,0.9546,True,C:\Thực tập LUMI\model_BaiToan\Deepleaning\data\dataset\val\clear\13--Interview_13_Interview_Interview_On_Location_13_791.jpg_b9637.jpg
13--Interview_13_Interview_Interview_2_People_Visible_13_411.jpg_b36871.jpg,train,clear,occluded,0.9515,True,C:\Thực tập LUMI\model_BaiToan\Deepleaning\data\dataset\train\clear\13--Interview_13_Interview_Interview_2_People_Visible_13_411.jpg_b36871.jpg
34--Baseball_34_Baseball_Baseball_34_59.jpg_b100388.jpg,train,clear,occluded,0.9484,True,C:\Thực tập LUMI\model_BaiToan\Deepleaning\data\dataset\train\clear\34--Baseball_34_Baseball_Baseball_34_59.jpg_b100388.jpg
11--Meeting_11_Meeting_Meeting_11_Meeting_Meeting_11_582.jpg_b23782.jpg,val,clear,occluded,0.9466,True,C:\Thực tập LUMI\model_BaiToan\Deepleaning\data\dataset\val\clear\11--Meeting_11_Meeting_Meeting_11_Meeting_Meeting_11_582.jpg_b23782.jpg
11--Meeting_11_Meeting_Meeting_11_Meeting_Meeting_11_105.jpg_b23387.jpg,train,clear,occluded,0.9447,True,C:\Thực tập LUMI\model_BaiToan\Deepleaning\data\dataset\train\clear\11--Meeting_11_Meeting_Meeting_11_Meeting_Meeting_11_105.jpg_b23387.jpg
54--Rescue_54_Rescue_firemanrescue_54_672.jpg_b137945.jpg,val,occluded,clear,0.9419,True,C:\Thực tập LUMI\model_BaiToan\Deepleaning\data\dataset\val\occluded\54--Rescue_54_Rescue_firemanrescue_54_672.jpg_b137945.jpg
11--Meeting_11_Meeting_Meeting_11_Meeting_Meeting_11_417.jpg_b23935.jpg,val,clear,occluded,0.9307,True,C:\Thực tập LUMI\model_BaiToan\Deepleaning\data\dataset\val\clear\11--Meeting_11_Meeting_Meeting_11_Meeting_Meeting_11_417.jpg_b23935.jpg
16--Award_Ceremony_16_Award_Ceremony_Awards_Ceremony_16_319.jpg_b40239.jpg,train,clear,occluded,0.9247,True,C:\Thực tập LUMI\model_BaiToan\Deepleaning\data\dataset\train\clear\16--Award_Ceremony_16_Award_Ceremony_Awards_Ceremony_16_319.jpg_b40239.jpg
002600_face.jpg,train,clear,occluded,0.9122,True,C:\Thực tập LUMI\model_BaiToan\Deepleaning\data\dataset\train\clear\002600_face.jpg
13--Interview_13_Interview_Interview_Sequences_13_373.jpg_b10001.jpg,train,clear,occluded,0.9072,True,C:\Thực tập LUMI\model_BaiToan\Deepleaning\data\dataset\train\clear\13--Interview_13_Interview_Interview_Sequences_13_373.jpg_b10001.jpg
50--Celebration_Or_Party_50_Celebration_Or_Party_birthdayparty_50_352.jpg_b133646.jpg,train,occluded,clear,0.9045,True,C:\Thực tập LUMI\model_BaiToan\Deepleaning\data\dataset\train\occluded\50--Celebration_Or_Party_50_Celebration_Or_Party_birthdayparty_50_352.jpg_b133646.jpg
15--Stock_Market_15_Stock_Market_Stock_Market_15_465.jpg_b39242.jpg,val,clear,occluded,0.9013,True,C:\Thực tập LUMI\model_BaiToan\Deepleaning\data\dataset\val\clear\15--Stock_Market_15_Stock_Market_Stock_Market_15_465.jpg_b39242.jpg
45--Balloonist_45_Balloonist_Balloonist_45_747.jpg_b124555.jpg,train,clear,occluded,0.9011,True,C:\Thực tập LUMI\model_BaiToan\Deepleaning\data\dataset\train\clear\45--Balloonist_45_Balloonist_Balloonist_45_747.jpg_b124555.jpg
4--Dancing_4_Dancing_Dancing_4_302.jpg_b119216.jpg,train,clear,occluded,0.8993,True,C:\Thực tập LUMI\model_BaiToan\Deepleaning\data\dataset\train\clear\4--Dancing_4_Dancing_Dancing_4_302.jpg_b119216.jpg
2--Demonstration_2_Demonstration_Demonstrators_2_160.jpg_b51152.jpg,val,occluded,clear,0.8961,True,C:\Thực tập LUMI\model_BaiToan\Deepleaning\data\dataset\val\occluded\2--Demonstration_2_Demonstration_Demonstrators_2_160.jpg_b51152.jpg
KhanhDD_20260414_161210_523.jpg,train,clear,occluded,0.8916,True,C:\Thực tập LUMI\model_BaiToan\Deepleaning\data\dataset\train\clear\KhanhDD_20260414_161210_523.jpg
0--Parade_0_Parade_Parade_0_534.jpg_b13281.jpg,train,clear,occluded,0.8903,True,C:\Thực tập LUMI\model_BaiToan\Deepleaning\data\dataset\train\clear\0--Parade_0_Parade_Parade_0_534.jpg_b13281.jpg
45--Balloonist_45_Balloonist_Balloonist_45_1029.jpg_b124636.jpg,val,clear,occluded,0.8809,True,C:\Thực tập LUMI\model_BaiToan\Deepleaning\data\dataset\val\clear\45--Balloonist_45_Balloonist_Balloonist_45_1029.jpg_b124636.jpg
41--Swimming_41_Swimming_Swimmer_41_553.jpg_b121219.jpg,val,occluded,clear,0.8748,True,C:\Thực tập LUMI\model_BaiToan\Deepleaning\data\dataset\val\occluded\41--Swimming_41_Swimming_Swimmer_41_553.jpg_b121219.jpg
12--Group_12_Group_Team_Organized_Group_12_Group_Team_Organized_Group_12_492.jpg_b27630.jpg,train,clear,occluded,0.8721,True,C:\Thực tập LUMI\model_BaiToan\Deepleaning\data\dataset\train\clear\12--Group_12_Group_Team_Organized_Group_12_Group_Team_Organized_Group_12_492.jpg_b27630.jpg
59--people--driving--car_59_peopledrivingcar_peopledrivingcar_59_369.jpg_b144216.jpg,val,occluded,clear,0.8680,True,C:\Thực tập LUMI\model_BaiToan\Deepleaning\data\dataset\val\occluded\59--people--driving--car_59_peopledrivingcar_peopledrivingcar_59_369.jpg_b144216.jpg
12--Group_12_Group_Group_12_Group_Group_12_803.jpg_b24356.jpg,train,clear,occluded,0.8665,True,C:\Thực tập LUMI\model_BaiToan\Deepleaning\data\dataset\train\clear\12--Group_12_Group_Group_12_Group_Group_12_803.jpg_b24356.jpg
001674_face.jpg,train,clear,occluded,0.8617,True,C:\Thực tập LUMI\model_BaiToan\Deepleaning\data\dataset\train\clear\001674_face.jpg
12--Group_12_Group_Team_Organized_Group_12_Group_Team_Organized_Group_12_156.jpg_b34350.jpg,val,clear,occluded,0.8585,True,C:\Thực tập LUMI\model_BaiToan\Deepleaning\data\dataset\val\clear\12--Group_12_Group_Team_Organized_Group_12_Group_Team_Organized_Group_12_156.jpg_b34350.jpg
10--People_Marching_10_People_Marching_People_Marching_2_124.jpg_b17225.jpg,train,clear,occluded,0.8581,True,C:\Thực tập LUMI\model_BaiToan\Deepleaning\data\dataset\train\clear\10--People_Marching_10_People_Marching_People_Marching_2_124.jpg_b17225.jpg
35--Basketball_35_Basketball_basketballgame_ball_35_842.jpg_b102037.jpg,train,clear,occluded,0.8571,True,C:\Thực tập LUMI\model_BaiToan\Deepleaning\data\dataset\train\clear\35--Basketball_35_Basketball_basketballgame_ball_35_842.jpg_b102037.jpg
16--Award_Ceremony_16_Award_Ceremony_Awards_Ceremony_16_161.jpg_b39282.jpg,val,clear,occluded,0.8417,True,C:\Thực tập LUMI\model_BaiToan\Deepleaning\data\dataset\val\clear\16--Award_Ceremony_16_Award_Ceremony_Awards_Ceremony_16_161.jpg_b39282.jpg
12--Group_12_Group_Team_Organized_Group_12_Group_Team_Organized_Group_12_148.jpg_b35127.jpg,train,clear,occluded,0.8401,True,C:\Thực tập LUMI\model_BaiToan\Deepleaning\data\dataset\train\clear\12--Group_12_Group_Team_Organized_Group_12_Group_Team_Organized_Group_12_148.jpg_b35127.jpg
GiangNDM_20260414_160937_348.jpg,train,clear,occluded,0.8311,True,C:\Thực tập LUMI\model_BaiToan\Deepleaning\data\dataset\train\clear\GiangNDM_20260414_160937_348.jpg
13--Interview_13_Interview_Interview_Sequences_13_942.jpg_b36038.jpg,train,clear,occluded,0.8241,True,C:\Thực tập LUMI\model_BaiToan\Deepleaning\data\dataset\train\clear\13--Interview_13_Interview_Interview_Sequences_13_942.jpg_b36038.jpg
002906_face.jpg,val,clear,occluded,0.8193,True,C:\Thực tập LUMI\model_BaiToan\Deepleaning\data\dataset\val\clear\002906_face.jpg
13--Interview_13_Interview_Interview_On_Location_13_406.jpg_b37242.jpg,train,clear,occluded,0.8165,True,C:\Thực tập LUMI\model_BaiToan\Deepleaning\data\dataset\train\clear\13--Interview_13_Interview_Interview_On_Location_13_406.jpg_b37242.jpg
54--Rescue_54_Rescue_rescuepeople_54_605.jpg_b137322.jpg,val,clear,occluded,0.8121,True,C:\Thực tập LUMI\model_BaiToan\Deepleaning\data\dataset\val\clear\54--Rescue_54_Rescue_rescuepeople_54_605.jpg_b137322.jpg
1--Handshaking_1_Handshaking_Handshaking_1_457.jpg_b4037.jpg,train,clear,occluded,0.8116,True,C:\Thực tập LUMI\model_BaiToan\Deepleaning\data\dataset\train\clear\1--Handshaking_1_Handshaking_Handshaking_1_457.jpg_b4037.jpg
13--Interview_13_Interview_Interview_Sequences_13_2.jpg_b9804.jpg,train,clear,occluded,0.8111,True,C:\Thực tập LUMI\model_BaiToan\Deepleaning\data\dataset\train\clear\13--Interview_13_Interview_Interview_Sequences_13_2.jpg_b9804.jpg
32--Worker_Laborer_32_Worker_Laborer_Worker_Laborer_32_565.jpg_b99788.jpg,train,clear,occluded,0.7957,True,C:\Thực tập LUMI\model_BaiToan\Deepleaning\data\dataset\train\clear\32--Worker_Laborer_32_Worker_Laborer_Worker_Laborer_32_565.jpg_b99788.jpg
2--Demonstration_2_Demonstration_Protesters_2_456.jpg_b19458.jpg,val,occluded,clear,0.7930,True,C:\Thực tập LUMI\model_BaiToan\Deepleaning\data\dataset\val\occluded\2--Demonstration_2_Demonstration_Protesters_2_456.jpg_b19458.jpg
17--Ceremony_17_Ceremony_Ceremony_17_913.jpg_b42054.jpg,val,occluded,clear,0.7891,True,C:\Thực tập LUMI\model_BaiToan\Deepleaning\data\dataset\val\occluded\17--Ceremony_17_Ceremony_Ceremony_17_913.jpg_b42054.jpg
13--Interview_13_Interview_Interview_2_People_Visible_13_406.jpg_b9793.jpg,train,clear,occluded,0.7842,True,C:\Thực tập LUMI\model_BaiToan\Deepleaning\data\dataset\train\clear\13--Interview_13_Interview_Interview_2_People_Visible_13_406.jpg_b9793.jpg
01a0b760-1ae0-72e1-b233-83b1156b5785_nvr-llWGaUl9M9E771xokkJUiNr5fMyJBigI_1789782924240_img_face.jpg,train,occluded,clear,0.7771,True,C:\Thực tập LUMI\model_BaiToan\Deepleaning\data\dataset\train\occluded\01a0b760-1ae0-72e1-b233-83b1156b5785_nvr-llWGaUl9M9E771xokkJUiNr5fMyJBigI_1789782924240_img_face.jpg
10--People_Marching_10_People_Marching_People_Marching_10_People_Marching_People_Marching_10_947.jpg_b19000.jpg,train,clear,occluded,0.7696,True,C:\Thực tập LUMI\model_BaiToan\Deepleaning\data\dataset\train\clear\10--People_Marching_10_People_Marching_People_Marching_10_People_Marching_People_Marching_10_947.jpg_b19000.jpg
37--Soccer_37_Soccer_Soccer_37_32.jpg_b113457.jpg,val,occluded,clear,0.7692,True,C:\Thực tập LUMI\model_BaiToan\Deepleaning\data\dataset\val\occluded\37--Soccer_37_Soccer_Soccer_37_32.jpg_b113457.jpg
50--Celebration_Or_Party_50_Celebration_Or_Party_houseparty_50_17.jpg_b33980.jpg,train,clear,occluded,0.7686,True,C:\Thực tập LUMI\model_BaiToan\Deepleaning\data\dataset\train\clear\50--Celebration_Or_Party_50_Celebration_Or_Party_houseparty_50_17.jpg_b33980.jpg
13--Interview_13_Interview_Interview_On_Location_13_338.jpg_b37116.jpg,train,occluded,clear,0.7668,True,C:\Thực tập LUMI\model_BaiToan\Deepleaning\data\dataset\train\occluded\13--Interview_13_Interview_Interview_On_Location_13_338.jpg_b37116.jpg
01a0b748-d9c0-7222-a55b-9a7c2b5c7dfa_nvr-llWGaUl9M9E771xokkJUiNr5fMyJBigI_1789781400517_img_face1.jpg,train,clear,occluded,0.7640,True,C:\Thực tập LUMI\model_BaiToan\Deepleaning\data\dataset\train\clear\01a0b748-d9c0-7222-a55b-9a7c2b5c7dfa_nvr-llWGaUl9M9E771xokkJUiNr5fMyJBigI_1789781400517_img_face1.jpg
40--Gymnastics_40_Gymnastics_Gymnastics_40_340.jpg_b120809.jpg,val,clear,occluded,0.7629,True,C:\Thực tập LUMI\model_BaiToan\Deepleaning\data\dataset\val\clear\40--Gymnastics_40_Gymnastics_Gymnastics_40_340.jpg_b120809.jpg
3--Riot_3_Riot_Riot_3_564.jpg_b97785.jpg,train,occluded,clear,0.7463,True,C:\Thực tập LUMI\model_BaiToan\Deepleaning\data\dataset\train\occluded\3--Riot_3_Riot_Riot_3_564.jpg_b97785.jpg
43--Row_Boat_43_Row_Boat_Canoe_43_248.jpg_b123213.jpg,train,occluded,clear,0.7443,True,C:\Thực tập LUMI\model_BaiToan\Deepleaning\data\dataset\train\occluded\43--Row_Boat_43_Row_Boat_Canoe_43_248.jpg_b123213.jpg
001675_face.jpg,train,occluded,clear,0.7434,True,C:\Thực tập LUMI\model_BaiToan\Deepleaning\data\dataset\train\occluded\001675_face.jpg
35--Basketball_35_Basketball_basketballgame_ball_35_728.jpg_b111471.jpg,train,occluded,clear,0.7396,True,C:\Thực tập LUMI\model_BaiToan\Deepleaning\data\dataset\train\occluded\35--Basketball_35_Basketball_basketballgame_ball_35_728.jpg_b111471.jpg
35--Basketball_35_Basketball_Basketball_35_62.jpg_b103686.jpg,val,occluded,clear,0.7377,True,C:\Thực tập LUMI\model_BaiToan\Deepleaning\data\dataset\val\occluded\35--Basketball_35_Basketball_Basketball_35_62.jpg_b103686.jpg
21--Festival_21_Festival_Festival_21_91.jpg_b85109.jpg,train,occluded,clear,0.7362,True,C:\Thực tập LUMI\model_BaiToan\Deepleaning\data\dataset\train\occluded\21--Festival_21_Festival_Festival_21_91.jpg_b85109.jpg
0--Parade_0_Parade_marchingband_1_753.jpg_b15911.jpg,train,occluded,clear,0.7349,True,C:\Thực tập LUMI\model_BaiToan\Deepleaning\data\dataset\train\occluded\0--Parade_0_Parade_marchingband_1_753.jpg_b15911.jpg
46--Jockey_46_Jockey_Jockey_46_393.jpg_b32084.jpg,train,clear,occluded,0.7325,True,C:\Thực tập LUMI\model_BaiToan\Deepleaning\data\dataset\train\clear\46--Jockey_46_Jockey_Jockey_46_393.jpg_b32084.jpg
13--Interview_13_Interview_Interview_Sequences_13_753.jpg_b37071.jpg,val,clear,occluded,0.7227,True,C:\Thực tập LUMI\model_BaiToan\Deepleaning\data\dataset\val\clear\13--Interview_13_Interview_Interview_Sequences_13_753.jpg_b37071.jpg
44--Aerobics_44_Aerobics_Aerobics_44_946.jpg_b123787.jpg,val,clear,occluded,0.7183,True,C:\Thực tập LUMI\model_BaiToan\Deepleaning\data\dataset\val\clear\44--Aerobics_44_Aerobics_Aerobics_44_946.jpg_b123787.jpg
41--Swimming_41_Swimming_Swimmer_41_663.jpg_b121943.jpg,train,clear,occluded,0.7174,True,C:\Thực tập LUMI\model_BaiToan\Deepleaning\data\dataset\train\clear\41--Swimming_41_Swimming_Swimmer_41_663.jpg_b121943.jpg
16--Award_Ceremony_16_Award_Ceremony_Awards_Ceremony_16_456.jpg_b40191.jpg,val,occluded,clear,0.7164,True,C:\Thực tập LUMI\model_BaiToan\Deepleaning\data\dataset\val\occluded\16--Award_Ceremony_16_Award_Ceremony_Awards_Ceremony_16_456.jpg_b40191.jpg
0--Parade_0_Parade_Parade_0_592.jpg_b14932.jpg,val,clear,occluded,0.7075,True,C:\Thực tập LUMI\model_BaiToan\Deepleaning\data\dataset\val\clear\0--Parade_0_Parade_Parade_0_592.jpg_b14932.jpg
1--Handshaking_1_Handshaking_Handshaking_1_234.jpg_b16427.jpg,val,clear,occluded,0.7053,True,C:\Thực tập LUMI\model_BaiToan\Deepleaning\data\dataset\val\clear\1--Handshaking_1_Handshaking_Handshaking_1_234.jpg_b16427.jpg
000037_face.jpg,val,clear,occluded,0.7002,True,C:\Thực tập LUMI\model_BaiToan\Deepleaning\data\dataset\val\clear\000037_face.jpg
44--Aerobics_44_Aerobics_Aerobics_44_474.jpg_b123649.jpg,train,clear,occluded,0.6985,True,C:\Thực tập LUMI\model_BaiToan\Deepleaning\data\dataset\train\clear\44--Aerobics_44_Aerobics_Aerobics_44_474.jpg_b123649.jpg
007988_face.jpg,train,clear,occluded,0.6970,True,C:\Thực tập LUMI\model_BaiToan\Deepleaning\data\dataset\train\clear\007988_face.jpg
2--Demonstration_2_Demonstration_Protesters_2_100.jpg_b67926.jpg,train,occluded,clear,0.6793,True,C:\Thực tập LUMI\model_BaiToan\Deepleaning\data\dataset\train\occluded\2--Demonstration_2_Demonstration_Protesters_2_100.jpg_b67926.jpg
23--Shoppers_23_Shoppers_Shoppers_23_529.jpg_b90499.jpg,val,occluded,clear,0.6790,True,C:\Thực tập LUMI\model_BaiToan\Deepleaning\data\dataset\val\occluded\23--Shoppers_23_Shoppers_Shoppers_23_529.jpg_b90499.jpg
1--Handshaking_1_Handshaking_Handshaking_1_61.jpg_b16629.jpg,train,clear,occluded,0.6755,True,C:\Thực tập LUMI\model_BaiToan\Deepleaning\data\dataset\train\clear\1--Handshaking_1_Handshaking_Handshaking_1_61.jpg_b16629.jpg
29--Students_Schoolkids_29_Students_Schoolkids_Students_Schoolkids_29_544.jpg_b96221.jpg,train,clear,occluded,0.6745,True,C:\Thực tập LUMI\model_BaiToan\Deepleaning\data\dataset\train\clear\29--Students_Schoolkids_29_Students_Schoolkids_Students_Schoolkids_29_544.jpg_b96221.jpg
47--Matador_Bullfighter_47_Matador_Bullfighter_matadorbullfighting_47_556.jpg_b128434.jpg,train,clear,occluded,0.6729,True,C:\Thực tập LUMI\model_BaiToan\Deepleaning\data\dataset\train\clear\47--Matador_Bullfighter_47_Matador_Bullfighter_matadorbullfighting_47_556.jpg_b128434.jpg
0--Parade_0_Parade_Parade_0_552.jpg_b9873.jpg,train,clear,occluded,0.6729,True,C:\Thực tập LUMI\model_BaiToan\Deepleaning\data\dataset\train\clear\0--Parade_0_Parade_Parade_0_552.jpg_b9873.jpg
01a0b346-f0f0-7182-91fb-e71e396e81c0_nvr-llWGaUl9M9E771xokkJUiNr5fMyJBigI_1789714166711_img_face6.jpg,train,clear,occluded,0.6722,True,C:\Thực tập LUMI\model_BaiToan\Deepleaning\data\dataset\train\clear\01a0b346-f0f0-7182-91fb-e71e396e81c0_nvr-llWGaUl9M9E771xokkJUiNr5fMyJBigI_1789714166711_img_face6.jpg
0--Parade_0_Parade_Parade_0_470.jpg_b273.jpg,train,clear,occluded,0.6647,True,C:\Thực tập LUMI\model_BaiToan\Deepleaning\data\dataset\train\clear\0--Parade_0_Parade_Parade_0_470.jpg_b273.jpg
57--Angler_57_Angler_peoplefishing_57_893.jpg_b141273.jpg,train,occluded,clear,0.6591,True,C:\Thực tập LUMI\model_BaiToan\Deepleaning\data\dataset\train\occluded\57--Angler_57_Angler_peoplefishing_57_893.jpg_b141273.jpg
2--Demonstration_2_Demonstration_Demonstration_Or_Protest_2_364.jpg_b15771.jpg,train,occluded,clear,0.6574,True,C:\Thực tập LUMI\model_BaiToan\Deepleaning\data\dataset\train\occluded\2--Demonstration_2_Demonstration_Demonstration_Or_Protest_2_364.jpg_b15771.jpg
006601_face.jpg,val,occluded,clear,0.6556,True,C:\Thực tập LUMI\model_BaiToan\Deepleaning\data\dataset\val\occluded\006601_face.jpg
002972_face.jpg,train,clear,occluded,0.6546,True,C:\Thực tập LUMI\model_BaiToan\Deepleaning\data\dataset\train\clear\002972_face.jpg
19--Couple_19_Couple_Couple_19_693.jpg_b45402.jpg,val,clear,occluded,0.6509,True,C:\Thực tập LUMI\model_BaiToan\Deepleaning\data\dataset\val\clear\19--Couple_19_Couple_Couple_19_693.jpg_b45402.jpg
11--Meeting_11_Meeting_Meeting_11_Meeting_Meeting_11_307.jpg_b23157.jpg,train,clear,occluded,0.6487,True,C:\Thực tập LUMI\model_BaiToan\Deepleaning\data\dataset\train\clear\11--Meeting_11_Meeting_Meeting_11_Meeting_Meeting_11_307.jpg_b23157.jpg
28--Sports_Fan_28_Sports_Fan_Sports_Fan_28_509.jpg_b93486.jpg,val,clear,occluded,0.6459,True,C:\Thực tập LUMI\model_BaiToan\Deepleaning\data\dataset\val\clear\28--Sports_Fan_28_Sports_Fan_Sports_Fan_28_509.jpg_b93486.jpg
12--Group_12_Group_Team_Organized_Group_12_Group_Team_Organized_Group_12_358.jpg_b26145.jpg,val,occluded,clear,0.6451,True,C:\Thực tập LUMI\model_BaiToan\Deepleaning\data\dataset\val\occluded\12--Group_12_Group_Team_Organized_Group_12_Group_Team_Organized_Group_12_358.jpg_b26145.jpg
006486_face.jpg,train,clear,occluded,0.6428,True,C:\Thực tập LUMI\model_BaiToan\Deepleaning\data\dataset\train\clear\006486_face.jpg
10--People_Marching_10_People_Marching_People_Marching_2_338.jpg_b20245.jpg,val,clear,occluded,0.6418,True,C:\Thực tập LUMI\model_BaiToan\Deepleaning\data\dataset\val\clear\10--People_Marching_10_People_Marching_People_Marching_2_338.jpg_b20245.jpg
26--Soldier_Drilling_26_Soldier_Drilling_Soldiers_Drilling_26_732.jpg_b91619.jpg,val,clear,occluded,0.6417,True,C:\Thực tập LUMI\model_BaiToan\Deepleaning\data\dataset\val\clear\26--Soldier_Drilling_26_Soldier_Drilling_Soldiers_Drilling_26_732.jpg_b91619.jpg
19--Couple_19_Couple_Couple_19_936.jpg_b11432.jpg,train,clear,occluded,0.6396,True,C:\Thực tập LUMI\model_BaiToan\Deepleaning\data\dataset\train\clear\19--Couple_19_Couple_Couple_19_936.jpg_b11432.jpg
2--Demonstration_2_Demonstration_Demonstrators_2_595.jpg_b19563.jpg,train,occluded,clear,0.6371,True,C:\Thực tập LUMI\model_BaiToan\Deepleaning\data\dataset\train\occluded\2--Demonstration_2_Demonstration_Demonstrators_2_595.jpg_b19563.jpg
13--Interview_13_Interview_Interview_On_Location_13_915.jpg_b36983.jpg,train,clear,occluded,0.6367,True,C:\Thực tập LUMI\model_BaiToan\Deepleaning\data\dataset\train\clear\13--Interview_13_Interview_Interview_On_Location_13_915.jpg_b36983.jpg
44--Aerobics_44_Aerobics_Aerobics_44_973.jpg_b123538.jpg,train,clear,occluded,0.6352,True,C:\Thực tập LUMI\model_BaiToan\Deepleaning\data\dataset\train\clear\44--Aerobics_44_Aerobics_Aerobics_44_973.jpg_b123538.jpg
008382_face.jpg,val,clear,occluded,0.6345,True,C:\Thực tập LUMI\model_BaiToan\Deepleaning\data\dataset\val\clear\008382_face.jpg
12--Group_12_Group_Group_12_Group_Group_12_478.jpg_b8309.jpg,train,occluded,clear,0.6330,True,C:\Thực tập LUMI\model_BaiToan\Deepleaning\data\dataset\train\occluded\12--Group_12_Group_Group_12_Group_Group_12_478.jpg_b8309.jpg
0--Parade_0_Parade_marchingband_1_156.jpg_b1988.jpg,train,clear,occluded,0.6311,True,C:\Thực tập LUMI\model_BaiToan\Deepleaning\data\dataset\train\clear\0--Parade_0_Parade_marchingband_1_156.jpg_b1988.jpg
0--Parade_0_Parade_Parade_0_678.jpg_b6859.jpg,val,clear,occluded,0.6288,True,C:\Thực tập LUMI\model_BaiToan\Deepleaning\data\dataset\val\clear\0--Parade_0_Parade_Parade_0_678.jpg_b6859.jpg
2--Demonstration_2_Demonstration_Demonstrators_2_470.jpg_b17657.jpg,train,clear,occluded,0.6273,True,C:\Thực tập LUMI\model_BaiToan\Deepleaning\data\dataset\train\clear\2--Demonstration_2_Demonstration_Demonstrators_2_470.jpg_b17657.jpg
10--People_Marching_10_People_Marching_People_Marching_2_707.jpg_b18897.jpg,val,clear,occluded,0.6270,True,C:\Thực tập LUMI\model_BaiToan\Deepleaning\data\dataset\val\clear\10--People_Marching_10_People_Marching_People_Marching_2_707.jpg_b18897.jpg
17--Ceremony_17_Ceremony_Ceremony_17_234.jpg_b10707.jpg,train,clear,occluded,0.6225,True,C:\Thực tập LUMI\model_BaiToan\Deepleaning\data\dataset\train\clear\17--Ceremony_17_Ceremony_Ceremony_17_234.jpg_b10707.jpg
61--Street_Battle_61_Street_Battle_streetfight_61_868.jpg_b147062.jpg,val,occluded,clear,0.6210,True,C:\Thực tập LUMI\model_BaiToan\Deepleaning\data\dataset\val\occluded\61--Street_Battle_61_Street_Battle_streetfight_61_868.jpg_b147062.jpg
35--Basketball_35_Basketball_basketballgame_ball_35_933.jpg_b107400.jpg,train,occluded,clear,0.6138,True,C:\Thực tập LUMI\model_BaiToan\Deepleaning\data\dataset\train\occluded\35--Basketball_35_Basketball_basketballgame_ball_35_933.jpg_b107400.jpg
003109_face.jpg,train,clear,occluded,0.6073,True,C:\Thực tập LUMI\model_BaiToan\Deepleaning\data\dataset\train\clear\003109_face.jpg
6--Funeral_6_Funeral_Funeral_6_241.jpg_b37000.jpg,train,occluded,clear,0.6058,True,C:\Thực tập LUMI\model_BaiToan\Deepleaning\data\dataset\train\occluded\6--Funeral_6_Funeral_Funeral_6_241.jpg_b37000.jpg
007385_face.jpg,train,occluded,clear,0.6037,True,C:\Thực tập LUMI\model_BaiToan\Deepleaning\data\dataset\train\occluded\007385_face.jpg
61--Street_Battle_61_Street_Battle_streetfight_61_821.jpg_b147118.jpg,train,clear,occluded,0.5995,True,C:\Thực tập LUMI\model_BaiToan\Deepleaning\data\dataset\train\clear\61--Street_Battle_61_Street_Battle_streetfight_61_821.jpg_b147118.jpg
35--Basketball_35_Basketball_basketballgame_ball_35_389.jpg_b26436.jpg,train,occluded,clear,0.5980,True,C:\Thực tập LUMI\model_BaiToan\Deepleaning\data\dataset\train\occluded\35--Basketball_35_Basketball_basketballgame_ball_35_389.jpg_b26436.jpg
54--Rescue_54_Rescue_firemanrescue_54_167.jpg_b138221.jpg,train,clear,occluded,0.5919,True,C:\Thực tập LUMI\model_BaiToan\Deepleaning\data\dataset\train\clear\54--Rescue_54_Rescue_firemanrescue_54_167.jpg_b138221.jpg
2--Demonstration_2_Demonstration_Demonstration_Or_Protest_2_1017.jpg_b55985.jpg,train,occluded,clear,0.5807,True,C:\Thực tập LUMI\model_BaiToan\Deepleaning\data\dataset\train\occluded\2--Demonstration_2_Demonstration_Demonstration_Or_Protest_2_1017.jpg_b55985.jpg
DoanNV_20260414_151426_507.jpg,train,clear,occluded,0.5801,True,C:\Thực tập LUMI\model_BaiToan\Deepleaning\data\dataset\train\clear\DoanNV_20260414_151426_507.jpg
13--Interview_13_Interview_Interview_Sequences_13_182.jpg_b37294.jpg,train,clear,occluded,0.5770,True,C:\Thực tập LUMI\model_BaiToan\Deepleaning\data\dataset\train\clear\13--Interview_13_Interview_Interview_Sequences_13_182.jpg_b37294.jpg
28--Sports_Fan_28_Sports_Fan_Sports_Fan_28_118.jpg_b23307.jpg,train,occluded,clear,0.5751,True,C:\Thực tập LUMI\model_BaiToan\Deepleaning\data\dataset\train\occluded\28--Sports_Fan_28_Sports_Fan_Sports_Fan_28_118.jpg_b23307.jpg
12--Group_12_Group_Large_Group_12_Group_Large_Group_12_276.jpg_b9221.jpg,val,clear,occluded,0.5739,True,C:\Thực tập LUMI\model_BaiToan\Deepleaning\data\dataset\val\clear\12--Group_12_Group_Large_Group_12_Group_Large_Group_12_276.jpg_b9221.jpg
0--Parade_0_Parade_Parade_0_600.jpg_b12148.jpg,train,clear,occluded,0.5727,True,C:\Thực tập LUMI\model_BaiToan\Deepleaning\data\dataset\train\clear\0--Parade_0_Parade_Parade_0_600.jpg_b12148.jpg
007344_face.jpg,train,occluded,clear,0.5692,True,C:\Thực tập LUMI\model_BaiToan\Deepleaning\data\dataset\train\occluded\007344_face.jpg
006813_face.jpg,train,occluded,clear,0.5677,True,C:\Thực tập LUMI\model_BaiToan\Deepleaning\data\dataset\train\occluded\006813_face.jpg
57--Angler_57_Angler_peoplefishing_57_868.jpg_b35870.jpg,train,clear,occluded,0.5650,True,C:\Thực tập LUMI\model_BaiToan\Deepleaning\data\dataset\train\clear\57--Angler_57_Angler_peoplefishing_57_868.jpg_b35870.jpg
53--Raid_53_Raid_policeraid_53_318.jpg_b136504.jpg,train,occluded,clear,0.5642,True,C:\Thực tập LUMI\model_BaiToan\Deepleaning\data\dataset\train\occluded\53--Raid_53_Raid_policeraid_53_318.jpg_b136504.jpg
12--Group_12_Group_Large_Group_12_Group_Large_Group_12_216.jpg_b29610.jpg,train,occluded,clear,0.5631,True,C:\Thực tập LUMI\model_BaiToan\Deepleaning\data\dataset\train\occluded\12--Group_12_Group_Large_Group_12_Group_Large_Group_12_216.jpg_b29610.jpg
12--Group_12_Group_Team_Organized_Group_12_Group_Team_Organized_Group_12_148.jpg_b35133.jpg,train,clear,occluded,0.5629,True,C:\Thực tập LUMI\model_BaiToan\Deepleaning\data\dataset\train\clear\12--Group_12_Group_Team_Organized_Group_12_Group_Team_Organized_Group_12_148.jpg_b35133.jpg
2--Demonstration_2_Demonstration_Demonstration_Or_Protest_2_606.jpg_b16054.jpg,train,occluded,clear,0.5629,True,C:\Thực tập LUMI\model_BaiToan\Deepleaning\data\dataset\train\occluded\2--Demonstration_2_Demonstration_Demonstration_Or_Protest_2_606.jpg_b16054.jpg
2--Demonstration_2_Demonstration_Demonstration_Or_Protest_2_315.jpg_b57082.jpg,val,occluded,clear,0.5627,True,C:\Thực tập LUMI\model_BaiToan\Deepleaning\data\dataset\val\occluded\2--Demonstration_2_Demonstration_Demonstration_Or_Protest_2_315.jpg_b57082.jpg
001785_face.jpg,train,clear,occluded,0.5591,True,C:\Thực tập LUMI\model_BaiToan\Deepleaning\data\dataset\train\clear\001785_face.jpg
10--People_Marching_10_People_Marching_People_Marching_2_335.jpg_b18900.jpg,val,occluded,clear,0.5533,True,C:\Thực tập LUMI\model_BaiToan\Deepleaning\data\dataset\val\occluded\10--People_Marching_10_People_Marching_People_Marching_2_335.jpg_b18900.jpg
20--Family_Group_20_Family_Group_Family_Group_20_90.jpg_b20765.jpg,train,clear,occluded,0.5524,True,C:\Thực tập LUMI\model_BaiToan\Deepleaning\data\dataset\train\clear\20--Family_Group_20_Family_Group_Family_Group_20_90.jpg_b20765.jpg
13--Interview_13_Interview_Interview_Sequences_13_316.jpg_b37010.jpg,train,clear,occluded,0.5522,True,C:\Thực tập LUMI\model_BaiToan\Deepleaning\data\dataset\train\clear\13--Interview_13_Interview_Interview_Sequences_13_316.jpg_b37010.jpg
006177_face.jpg,train,occluded,clear,0.5514,True,C:\Thực tập LUMI\model_BaiToan\Deepleaning\data\dataset\train\occluded\006177_face.jpg
37--Soccer_37_Soccer_soccer_ball_37_188.jpg_b114476.jpg,train,clear,occluded,0.5489,True,C:\Thực tập LUMI\model_BaiToan\Deepleaning\data\dataset\train\clear\37--Soccer_37_Soccer_soccer_ball_37_188.jpg_b114476.jpg
21--Festival_21_Festival_Festival_21_13.jpg_b87920.jpg,train,occluded,clear,0.5483,True,C:\Thực tập LUMI\model_BaiToan\Deepleaning\data\dataset\train\occluded\21--Festival_21_Festival_Festival_21_13.jpg_b87920.jpg
2--Demonstration_2_Demonstration_Political_Rally_2_803.jpg_b72114.jpg,val,occluded,clear,0.5483,True,C:\Thực tập LUMI\model_BaiToan\Deepleaning\data\dataset\val\occluded\2--Demonstration_2_Demonstration_Political_Rally_2_803.jpg_b72114.jpg
29--Students_Schoolkids_29_Students_Schoolkids_Students_Schoolkids_29_5.jpg_b95190.jpg,val,clear,occluded,0.5450,True,C:\Thực tập LUMI\model_BaiToan\Deepleaning\data\dataset\val\clear\29--Students_Schoolkids_29_Students_Schoolkids_Students_Schoolkids_29_5.jpg_b95190.jpg
26--Soldier_Drilling_26_Soldier_Drilling_Soldiers_Drilling_26_225.jpg_b91588.jpg,train,clear,occluded,0.5427,True,C:\Thực tập LUMI\model_BaiToan\Deepleaning\data\dataset\train\clear\26--Soldier_Drilling_26_Soldier_Drilling_Soldiers_Drilling_26_225.jpg_b91588.jpg
10--People_Marching_10_People_Marching_People_Marching_2_577.jpg_b5936.jpg,train,clear,occluded,0.5397,True,C:\Thực tập LUMI\model_BaiToan\Deepleaning\data\dataset\train\clear\10--People_Marching_10_People_Marching_People_Marching_2_577.jpg_b5936.jpg
18--Concerts_18_Concerts_Concerts_18_713.jpg_b44096.jpg,train,occluded,clear,0.5361,True,C:\Thực tập LUMI\model_BaiToan\Deepleaning\data\dataset\train\occluded\18--Concerts_18_Concerts_Concerts_18_713.jpg_b44096.jpg
36--Football_36_Football_americanfootball_ball_36_544.jpg_b113136.jpg,train,occluded,clear,0.5300,True,C:\Thực tập LUMI\model_BaiToan\Deepleaning\data\dataset\train\occluded\36--Football_36_Football_americanfootball_ball_36_544.jpg_b113136.jpg
13--Interview_13_Interview_Interview_Sequences_13_642.jpg_b36293.jpg,train,clear,occluded,0.5266,True,C:\Thực tập LUMI\model_BaiToan\Deepleaning\data\dataset\train\clear\13--Interview_13_Interview_Interview_Sequences_13_642.jpg_b36293.jpg
face_0006_aligned112.jpg,train,occluded,clear,0.5258,True,C:\Thực tập LUMI\model_BaiToan\Deepleaning\data\dataset\train\occluded\face_0006_aligned112.jpg
0--Parade_0_Parade_marchingband_1_422.jpg_b4727.jpg,train,clear,occluded,0.5257,True,C:\Thực tập LUMI\model_BaiToan\Deepleaning\data\dataset\train\clear\0--Parade_0_Parade_marchingband_1_422.jpg_b4727.jpg
PhongLT_20260415_090435_148.jpg,train,clear,occluded,0.5246,True,C:\Thực tập LUMI\model_BaiToan\Deepleaning\data\dataset\train\clear\PhongLT_20260415_090435_148.jpg
29--Students_Schoolkids_29_Students_Schoolkids_Students_Schoolkids_29_293.jpg_b95920.jpg,train,occluded,clear,0.5232,True,C:\Thực tập LUMI\model_BaiToan\Deepleaning\data\dataset\train\occluded\29--Students_Schoolkids_29_Students_Schoolkids_Students_Schoolkids_29_293.jpg_b95920.jpg
11--Meeting_11_Meeting_Meeting_11_Meeting_Meeting_11_233.jpg_b23852.jpg,val,occluded,clear,0.5230,True,C:\Thực tập LUMI\model_BaiToan\Deepleaning\data\dataset\val\occluded\11--Meeting_11_Meeting_Meeting_11_Meeting_Meeting_11_233.jpg_b23852.jpg
47--Matador_Bullfighter_47_Matador_Bullfighter_Matador_Bullfighter_47_778.jpg_b128128.jpg,train,occluded,clear,0.5230,True,C:\Thực tập LUMI\model_BaiToan\Deepleaning\data\dataset\train\occluded\47--Matador_Bullfighter_47_Matador_Bullfighter_Matador_Bullfighter_47_778.jpg_b128128.jpg
16--Award_Ceremony_16_Award_Ceremony_Awards_Ceremony_16_445.jpg_b39336.jpg,val,clear,occluded,0.5226,True,C:\Thực tập LUMI\model_BaiToan\Deepleaning\data\dataset\val\clear\16--Award_Ceremony_16_Award_Ceremony_Awards_Ceremony_16_445.jpg_b39336.jpg
13--Interview_13_Interview_Interview_2_People_Visible_13_427.jpg_b36628.jpg,train,clear,occluded,0.5197,True,C:\Thực tập LUMI\model_BaiToan\Deepleaning\data\dataset\train\clear\13--Interview_13_Interview_Interview_2_People_Visible_13_427.jpg_b36628.jpg
2--Demonstration_2_Demonstration_Demonstrators_2_435.jpg_b81254.jpg,train,clear,occluded,0.5163,True,C:\Thực tập LUMI\model_BaiToan\Deepleaning\data\dataset\train\clear\2--Demonstration_2_Demonstration_Demonstrators_2_435.jpg_b81254.jpg
TrangNH_20260414_151436_944.jpg,train,clear,occluded,0.5157,True,C:\Thực tập LUMI\model_BaiToan\Deepleaning\data\dataset\train\clear\TrangNH_20260414_151436_944.jpg
26--Soldier_Drilling_26_Soldier_Drilling_Soldiers_Drilling_26_710.jpg_b22932.jpg,train,clear,occluded,0.5133,True,C:\Thực tập LUMI\model_BaiToan\Deepleaning\data\dataset\train\clear\26--Soldier_Drilling_26_Soldier_Drilling_Soldiers_Drilling_26_710.jpg_b22932.jpg
005932_face.jpg,train,clear,occluded,0.5126,True,C:\Thực tập LUMI\model_BaiToan\Deepleaning\data\dataset\train\clear\005932_face.jpg
2--Demonstration_2_Demonstration_Demonstration_Or_Protest_2_414.jpg_b72348.jpg,train,occluded,clear,0.5096,True,C:\Thực tập LUMI\model_BaiToan\Deepleaning\data\dataset\train\occluded\2--Demonstration_2_Demonstration_Demonstration_Or_Protest_2_414.jpg_b72348.jpg
13--Interview_13_Interview_Interview_On_Location_13_302.jpg_b36597.jpg,train,occluded,clear,0.5092,True,C:\Thực tập LUMI\model_BaiToan\Deepleaning\data\dataset\train\occluded\13--Interview_13_Interview_Interview_On_Location_13_302.jpg_b36597.jpg
17--Ceremony_17_Ceremony_Ceremony_17_1020.jpg_b41629.jpg,train,clear,occluded,0.5065,True,C:\Thực tập LUMI\model_BaiToan\Deepleaning\data\dataset\train\clear\17--Ceremony_17_Ceremony_Ceremony_17_1020.jpg_b41629.jpg
0--Parade_0_Parade_marchingband_1_251.jpg_b9710.jpg,train,clear,occluded,0.5064,True,C:\Thực tập LUMI\model_BaiToan\Deepleaning\data\dataset\train\clear\0--Parade_0_Parade_marchingband_1_251.jpg_b9710.jpg
12--Group_12_Group_Team_Organized_Group_12_Group_Team_Organized_Group_12_330.jpg_b8014.jpg,train,occluded,clear,0.5037,True,C:\Thực tập LUMI\model_BaiToan\Deepleaning\data\dataset\train\occluded\12--Group_12_Group_Team_Organized_Group_12_Group_Team_Organized_Group_12_330.jpg_b8014.jpg
10--People_Marching_10_People_Marching_People_Marching_2_520.jpg_b19557.jpg,train,clear,occluded,0.5027,True,C:\Thực tập LUMI\model_BaiToan\Deepleaning\data\dataset\train\clear\10--People_Marching_10_People_Marching_People_Marching_2_520.jpg_b19557.jpg
36--Football_36_Football_americanfootball_ball_36_846.jpg_b112705.jpg,train,occluded,clear,0.5019,True,C:\Thực tập LUMI\model_BaiToan\Deepleaning\data\dataset\train\occluded\36--Football_36_Football_americanfootball_ball_36_846.jpg_b112705.jpg
61--Street_Battle_61_Street_Battle_streetfight_61_209.jpg_b146915.jpg,train,occluded,clear,0.5014,True,C:\Thực tập LUMI\model_BaiToan\Deepleaning\data\dataset\train\occluded\61--Street_Battle_61_Street_Battle_streetfight_61_209.jpg_b146915.jpg
44--Aerobics_44_Aerobics_Aerobics_44_768.jpg_b123750.jpg,val,clear,clear,0.5995,False,C:\Thực tập LUMI\model_BaiToan\Deepleaning\data\dataset\val\clear\44--Aerobics_44_Aerobics_Aerobics_44_768.jpg_b123750.jpg
26--Soldier_Drilling_26_Soldier_Drilling_Soldiers_Drilling_26_886.jpg_b22922.jpg,train,occluded,occluded,0.5990,False,C:\Thực tập LUMI\model_BaiToan\Deepleaning\data\dataset\train\occluded\26--Soldier_Drilling_26_Soldier_Drilling_Soldiers_Drilling_26_886.jpg_b22922.jpg
31--Waiter_Waitress_31_Waiter_Waitress_Waiter_Waitress_31_182.jpg_b98926.jpg,train,occluded,occluded,0.5979,False,C:\Thực tập LUMI\model_BaiToan\Deepleaning\data\dataset\train\occluded\31--Waiter_Waitress_31_Waiter_Waitress_Waiter_Waitress_31_182.jpg_b98926.jpg
13--Interview_13_Interview_Interview_2_People_Visible_13_96.jpg_b36634.jpg,train,clear,clear,0.5963,False,C:\Thực tập LUMI\model_BaiToan\Deepleaning\data\dataset\train\clear\13--Interview_13_Interview_Interview_2_People_Visible_13_96.jpg_b36634.jpg
006862_face.jpg,train,clear,clear,0.5948,False,C:\Thực tập LUMI\model_BaiToan\Deepleaning\data\dataset\train\clear\006862_face.jpg
12--Group_12_Group_Large_Group_12_Group_Large_Group_12_154.jpg_b25070.jpg,train,clear,clear,0.5945,False,C:\Thực tập LUMI\model_BaiToan\Deepleaning\data\dataset\train\clear\12--Group_12_Group_Large_Group_12_Group_Large_Group_12_154.jpg_b25070.jpg
16--Award_Ceremony_16_Award_Ceremony_Awards_Ceremony_16_115.jpg_b40148.jpg,train,clear,clear,0.5937,False,C:\Thực tập LUMI\model_BaiToan\Deepleaning\data\dataset\train\clear\16--Award_Ceremony_16_Award_Ceremony_Awards_Ceremony_16_115.jpg_b40148.jpg
29--Students_Schoolkids_29_Students_Schoolkids_Students_Schoolkids_29_316.jpg_b23890.jpg,val,clear,clear,0.5930,False,C:\Thực tập LUMI\model_BaiToan\Deepleaning\data\dataset\val\clear\29--Students_Schoolkids_29_Students_Schoolkids_Students_Schoolkids_29_316.jpg_b23890.jpg
0--Parade_0_Parade_Parade_0_1019.jpg_b15853.jpg,train,clear,clear,0.5925,False,C:\Thực tập LUMI\model_BaiToan\Deepleaning\data\dataset\train\clear\0--Parade_0_Parade_Parade_0_1019.jpg_b15853.jpg
39--Ice_Skating_39_Ice_Skating_Ice_Skating_39_886.jpg_b117280.jpg,train,clear,clear,0.5925,False,C:\Thực tập LUMI\model_BaiToan\Deepleaning\data\dataset\train\clear\39--Ice_Skating_39_Ice_Skating_Ice_Skating_39_886.jpg_b117280.jpg
12--Group_12_Group_Large_Group_12_Group_Large_Group_12_774.jpg_b26633.jpg,train,occluded,occluded,0.5916,False,C:\Thực tập LUMI\model_BaiToan\Deepleaning\data\dataset\train\occluded\12--Group_12_Group_Large_Group_12_Group_Large_Group_12_774.jpg_b26633.jpg
7--Cheering_7_Cheering_Cheering_7_327.jpg_b148485.jpg,train,occluded,occluded,0.5905,False,C:\Thực tập LUMI\model_BaiToan\Deepleaning\data\dataset\train\occluded\7--Cheering_7_Cheering_Cheering_7_327.jpg_b148485.jpg
12--Group_12_Group_Group_12_Group_Group_12_124.jpg_b26389.jpg,val,occluded,occluded,0.5888,False,C:\Thực tập LUMI\model_BaiToan\Deepleaning\data\dataset\val\occluded\12--Group_12_Group_Group_12_Group_Group_12_124.jpg_b26389.jpg
20--Family_Group_20_Family_Group_Family_Group_20_412.jpg_b20833.jpg,val,occluded,occluded,0.5885,False,C:\Thực tập LUMI\model_BaiToan\Deepleaning\data\dataset\val\occluded\20--Family_Group_20_Family_Group_Family_Group_20_412.jpg_b20833.jpg
16--Award_Ceremony_16_Award_Ceremony_Awards_Ceremony_16_364.jpg_b39748.jpg,train,occluded,occluded,0.5870,False,C:\Thực tập LUMI\model_BaiToan\Deepleaning\data\dataset\train\occluded\16--Award_Ceremony_16_Award_Ceremony_Awards_Ceremony_16_364.jpg_b39748.jpg
01a0b343-7a38-7e52-9be6-5d3ea844588a_nvr-llWGaUl9M9E771xokkJUiNr5fMyJBigI_1789713939630_img_face8.jpg,val,occluded,occluded,0.5868,False,C:\Thực tập LUMI\model_BaiToan\Deepleaning\data\dataset\val\occluded\01a0b343-7a38-7e52-9be6-5d3ea844588a_nvr-llWGaUl9M9E771xokkJUiNr5fMyJBigI_1789713939630_img_face8.jpg
12--Group_12_Group_Large_Group_12_Group_Large_Group_12_516.jpg_b24898.jpg,val,occluded,occluded,0.5839,False,C:\Thực tập LUMI\model_BaiToan\Deepleaning\data\dataset\val\occluded\12--Group_12_Group_Large_Group_12_Group_Large_Group_12_516.jpg_b24898.jpg
8--Election_Campain_8_Election_Campain_Election_Campaign_8_218.jpg_b38761.jpg,train,clear,clear,0.5821,False,C:\Thực tập LUMI\model_BaiToan\Deepleaning\data\dataset\train\clear\8--Election_Campain_8_Election_Campain_Election_Campaign_8_218.jpg_b38761.jpg
2--Demonstration_2_Demonstration_Protesters_2_836.jpg_b71861.jpg,val,occluded,occluded,0.5813,False,C:\Thực tập LUMI\model_BaiToan\Deepleaning\data\dataset\val\occluded\2--Demonstration_2_Demonstration_Protesters_2_836.jpg_b71861.jpg
2--Demonstration_2_Demonstration_Demonstrators_2_341.jpg_b74508.jpg,train,clear,clear,0.5811,False,C:\Thực tập LUMI\model_BaiToan\Deepleaning\data\dataset\train\clear\2--Demonstration_2_Demonstration_Demonstrators_2_341.jpg_b74508.jpg
2--Demonstration_2_Demonstration_Demonstrators_2_370.jpg_b72980.jpg,train,occluded,occluded,0.5803,False,C:\Thực tập LUMI\model_BaiToan\Deepleaning\data\dataset\train\occluded\2--Demonstration_2_Demonstration_Demonstrators_2_370.jpg_b72980.jpg
01a0b341-efb0-7bc1-bf1e-8e84b3f7f0bb_nvr-llWGaUl9M9E771xokkJUiNr5fMyJBigI_1789713838187_img_face2.jpg,train,occluded,occluded,0.5782,False,C:\Thực tập LUMI\model_BaiToan\Deepleaning\data\dataset\train\occluded\01a0b341-efb0-7bc1-bf1e-8e84b3f7f0bb_nvr-llWGaUl9M9E771xokkJUiNr5fMyJBigI_1789713838187_img_face2.jpg
29--Students_Schoolkids_29_Students_Schoolkids_Students_Schoolkids_29_802.jpg_b95135.jpg,val,clear,clear,0.5780,False,C:\Thực tập LUMI\model_BaiToan\Deepleaning\data\dataset\val\clear\29--Students_Schoolkids_29_Students_Schoolkids_Students_Schoolkids_29_802.jpg_b95135.jpg
0--Parade_0_Parade_Parade_0_633.jpg_b13223.jpg,train,clear,clear,0.5773,False,C:\Thực tập LUMI\model_BaiToan\Deepleaning\data\dataset\train\clear\0--Parade_0_Parade_Parade_0_633.jpg_b13223.jpg
12--Group_12_Group_Team_Organized_Group_12_Group_Team_Organized_Group_12_504.jpg_b7992.jpg,train,occluded,occluded,0.5743,False,C:\Thực tập LUMI\model_BaiToan\Deepleaning\data\dataset\train\occluded\12--Group_12_Group_Team_Organized_Group_12_Group_Team_Organized_Group_12_504.jpg_b7992.jpg
2--Demonstration_2_Demonstration_Demonstrators_2_108.jpg_b47343.jpg,train,clear,clear,0.5735,False,C:\Thực tập LUMI\model_BaiToan\Deepleaning\data\dataset\train\clear\2--Demonstration_2_Demonstration_Demonstrators_2_108.jpg_b47343.jpg
2--Demonstration_2_Demonstration_Demonstrators_2_285.jpg_b73360.jpg,val,occluded,occluded,0.5725,False,C:\Thực tập LUMI\model_BaiToan\Deepleaning\data\dataset\val\occluded\2--Demonstration_2_Demonstration_Demonstrators_2_285.jpg_b73360.jpg
01a0b446-5f90-70d1-a3a3-551f820d9f15_nvr-llWGaUl9M9E771xokkJUiNr5fMyJBigI_1789730905999_img_face1.jpg,val,clear,clear,0.5716,False,C:\Thực tập LUMI\model_BaiToan\Deepleaning\data\dataset\val\clear\01a0b446-5f90-70d1-a3a3-551f820d9f15_nvr-llWGaUl9M9E771xokkJUiNr5fMyJBigI_1789730905999_img_face1.jpg
19--Couple_19_Couple_Couple_19_300.jpg_b45470.jpg,train,occluded,occluded,0.5715,False,C:\Thực tập LUMI\model_BaiToan\Deepleaning\data\dataset\train\occluded\19--Couple_19_Couple_Couple_19_300.jpg_b45470.jpg
2--Demonstration_2_Demonstration_Demonstration_Or_Protest_2_487.jpg_b18442.jpg,val,clear,clear,0.5712,False,C:\Thực tập LUMI\model_BaiToan\Deepleaning\data\dataset\val\clear\2--Demonstration_2_Demonstration_Demonstration_Or_Protest_2_487.jpg_b18442.jpg
13--Interview_13_Interview_Interview_On_Location_13_498.jpg_b37105.jpg,train,clear,clear,0.5697,False,C:\Thực tập LUMI\model_BaiToan\Deepleaning\data\dataset\train\clear\13--Interview_13_Interview_Interview_On_Location_13_498.jpg_b37105.jpg
9--Press_Conference_9_Press_Conference_Press_Conference_9_329.jpg_b156222.jpg,train,clear,clear,0.5661,False,C:\Thực tập LUMI\model_BaiToan\Deepleaning\data\dataset\train\clear\9--Press_Conference_9_Press_Conference_Press_Conference_9_329.jpg_b156222.jpg
55--Sports_Coach_Trainer_55_Sports_Coach_Trainer_sportcoaching_55_1043.jpg_b138424.jpg,train,clear,clear,0.5637,False,C:\Thực tập LUMI\model_BaiToan\Deepleaning\data\dataset\train\clear\55--Sports_Coach_Trainer_55_Sports_Coach_Trainer_sportcoaching_55_1043.jpg_b138424.jpg
12--Group_12_Group_Team_Organized_Group_12_Group_Team_Organized_Group_12_574.jpg_b34932.jpg,train,occluded,occluded,0.5607,False,C:\Thực tập LUMI\model_BaiToan\Deepleaning\data\dataset\train\occluded\12--Group_12_Group_Team_Organized_Group_12_Group_Team_Organized_Group_12_574.jpg_b34932.jpg
13--Interview_13_Interview_Interview_Sequences_13_209.jpg_b9595.jpg,train,occluded,occluded,0.5585,False,C:\Thực tập LUMI\model_BaiToan\Deepleaning\data\dataset\train\occluded\13--Interview_13_Interview_Interview_Sequences_13_209.jpg_b9595.jpg
1--Handshaking_1_Handshaking_Handshaking_1_164.jpg_b16358.jpg,val,clear,clear,0.5546,False,C:\Thực tập LUMI\model_BaiToan\Deepleaning\data\dataset\val\clear\1--Handshaking_1_Handshaking_Handshaking_1_164.jpg_b16358.jpg
51--Dresses_51_Dresses_wearingdress_51_370.jpg_b134265.jpg,val,occluded,occluded,0.5538,False,C:\Thực tập LUMI\model_BaiToan\Deepleaning\data\dataset\val\occluded\51--Dresses_51_Dresses_wearingdress_51_370.jpg_b134265.jpg
2--Demonstration_2_Demonstration_Protesters_2_552.jpg_b72325.jpg,train,clear,clear,0.5489,False,C:\Thực tập LUMI\model_BaiToan\Deepleaning\data\dataset\train\clear\2--Demonstration_2_Demonstration_Protesters_2_552.jpg_b72325.jpg
58--Hockey_58_Hockey_icehockey_puck_58_559.jpg_b143419.jpg,train,occluded,occluded,0.5456,False,C:\Thực tập LUMI\model_BaiToan\Deepleaning\data\dataset\train\occluded\58--Hockey_58_Hockey_icehockey_puck_58_559.jpg_b143419.jpg
16--Award_Ceremony_16_Award_Ceremony_Awards_Ceremony_16_341.jpg_b39724.jpg,train,clear,clear,0.5443,False,C:\Thực tập LUMI\model_BaiToan\Deepleaning\data\dataset\train\clear\16--Award_Ceremony_16_Award_Ceremony_Awards_Ceremony_16_341.jpg_b39724.jpg
13--Interview_13_Interview_Interview_Sequences_13_656.jpg_b37216.jpg,val,occluded,occluded,0.5441,False,C:\Thực tập LUMI\model_BaiToan\Deepleaning\data\dataset\val\occluded\13--Interview_13_Interview_Interview_Sequences_13_656.jpg_b37216.jpg
13--Interview_13_Interview_Interview_Sequences_13_935.jpg_b36636.jpg,val,occluded,occluded,0.5427,False,C:\Thực tập LUMI\model_BaiToan\Deepleaning\data\dataset\val\occluded\13--Interview_13_Interview_Interview_Sequences_13_935.jpg_b36636.jpg
34--Baseball_34_Baseball_Baseball_34_156.jpg_b100807.jpg,train,occluded,occluded,0.5419,False,C:\Thực tập LUMI\model_BaiToan\Deepleaning\data\dataset\train\occluded\34--Baseball_34_Baseball_Baseball_34_156.jpg_b100807.jpg
2--Demonstration_2_Demonstration_Demonstration_Or_Protest_2_596.jpg_b58919.jpg,train,occluded,occluded,0.5414,False,C:\Thực tập LUMI\model_BaiToan\Deepleaning\data\dataset\train\occluded\2--Demonstration_2_Demonstration_Demonstration_Or_Protest_2_596.jpg_b58919.jpg
000314_face.jpg,train,clear,clear,0.5407,False,C:\Thực tập LUMI\model_BaiToan\Deepleaning\data\dataset\train\clear\000314_face.jpg
28--Sports_Fan_28_Sports_Fan_Sports_Fan_28_857.jpg_b93495.jpg,train,clear,clear,0.5401,False,C:\Thực tập LUMI\model_BaiToan\Deepleaning\data\dataset\train\clear\28--Sports_Fan_28_Sports_Fan_Sports_Fan_28_857.jpg_b93495.jpg
13--Interview_13_Interview_Interview_2_People_Visible_13_244.jpg_b37209.jpg,val,clear,clear,0.5384,False,C:\Thực tập LUMI\model_BaiToan\Deepleaning\data\dataset\val\clear\13--Interview_13_Interview_Interview_2_People_Visible_13_244.jpg_b37209.jpg
57--Angler_57_Angler_peoplefishing_57_737.jpg_b141277.jpg,val,occluded,occluded,0.5383,False,C:\Thực tập LUMI\model_BaiToan\Deepleaning\data\dataset\val\occluded\57--Angler_57_Angler_peoplefishing_57_737.jpg_b141277.jpg
15--Stock_Market_15_Stock_Market_Stock_Market_15_292.jpg_b38747.jpg,train,clear,clear,0.5380,False,C:\Thực tập LUMI\model_BaiToan\Deepleaning\data\dataset\train\clear\15--Stock_Market_15_Stock_Market_Stock_Market_15_292.jpg_b38747.jpg
008401_face.jpg,train,clear,clear,0.5372,False,C:\Thực tập LUMI\model_BaiToan\Deepleaning\data\dataset\train\clear\008401_face.jpg
56--Voter_56_Voter_peoplevoting_56_775.jpg_b139641.jpg,train,occluded,occluded,0.5364,False,C:\Thực tập LUMI\model_BaiToan\Deepleaning\data\dataset\train\occluded\56--Voter_56_Voter_peoplevoting_56_775.jpg_b139641.jpg
12--Group_12_Group_Team_Organized_Group_12_Group_Team_Organized_Group_12_330.jpg_b8020.jpg,train,clear,clear,0.5316,False,C:\Thực tập LUMI\model_BaiToan\Deepleaning\data\dataset\train\clear\12--Group_12_Group_Team_Organized_Group_12_Group_Team_Organized_Group_12_330.jpg_b8020.jpg
12--Group_12_Group_Team_Organized_Group_12_Group_Team_Organized_Group_12_828.jpg_b33300.jpg,train,clear,clear,0.5280,False,C:\Thực tập LUMI\model_BaiToan\Deepleaning\data\dataset\train\clear\12--Group_12_Group_Team_Organized_Group_12_Group_Team_Organized_Group_12_828.jpg_b33300.jpg
21--Festival_21_Festival_Festival_21_307.jpg_b84881.jpg,val,occluded,occluded,0.5279,False,C:\Thực tập LUMI\model_BaiToan\Deepleaning\data\dataset\val\occluded\21--Festival_21_Festival_Festival_21_307.jpg_b84881.jpg
13--Interview_13_Interview_Interview_On_Location_13_654.jpg_b36418.jpg,train,clear,clear,0.5271,False,C:\Thực tập LUMI\model_BaiToan\Deepleaning\data\dataset\train\clear\13--Interview_13_Interview_Interview_On_Location_13_654.jpg_b36418.jpg
56--Voter_56_Voter_peoplevoting_56_259.jpg_b140607.jpg,val,occluded,occluded,0.5266,False,C:\Thực tập LUMI\model_BaiToan\Deepleaning\data\dataset\val\occluded\56--Voter_56_Voter_peoplevoting_56_259.jpg_b140607.jpg
12--Group_12_Group_Group_12_Group_Group_12_29.jpg_b7855.jpg,train,occluded,occluded,0.5241,False,C:\Thực tập LUMI\model_BaiToan\Deepleaning\data\dataset\train\occluded\12--Group_12_Group_Group_12_Group_Group_12_29.jpg_b7855.jpg
008175_face.jpg,val,clear,clear,0.5217,False,C:\Thực tập LUMI\model_BaiToan\Deepleaning\data\dataset\val\clear\008175_face.jpg
10--People_Marching_10_People_Marching_People_Marching_2_514.jpg_b5821.jpg,train,occluded,occluded,0.5207,False,C:\Thực tập LUMI\model_BaiToan\Deepleaning\data\dataset\train\occluded\10--People_Marching_10_People_Marching_People_Marching_2_514.jpg_b5821.jpg
8--Election_Campain_8_Election_Campain_Election_Campaign_8_404.jpg_b155881.jpg,val,occluded,occluded,0.5195,False,C:\Thực tập LUMI\model_BaiToan\Deepleaning\data\dataset\val\occluded\8--Election_Campain_8_Election_Campain_Election_Campaign_8_404.jpg_b155881.jpg
58--Hockey_58_Hockey_icehockey_puck_58_343.jpg_b143728.jpg,train,occluded,occluded,0.5182,False,C:\Thực tập LUMI\model_BaiToan\Deepleaning\data\dataset\train\occluded\58--Hockey_58_Hockey_icehockey_puck_58_343.jpg_b143728.jpg
6--Funeral_6_Funeral_Funeral_6_733.jpg_b36985.jpg,train,clear,clear,0.5169,False,C:\Thực tập LUMI\model_BaiToan\Deepleaning\data\dataset\train\clear\6--Funeral_6_Funeral_Funeral_6_733.jpg_b36985.jpg
13--Interview_13_Interview_Interview_On_Location_13_186.jpg_b9601.jpg,train,occluded,occluded,0.5143,False,C:\Thực tập LUMI\model_BaiToan\Deepleaning\data\dataset\train\occluded\13--Interview_13_Interview_Interview_On_Location_13_186.jpg_b9601.jpg
15--Stock_Market_15_Stock_Market_Stock_Market_15_743.jpg_b39227.jpg,train,clear,clear,0.5135,False,C:\Thực tập LUMI\model_BaiToan\Deepleaning\data\dataset\train\clear\15--Stock_Market_15_Stock_Market_Stock_Market_15_743.jpg_b39227.jpg
0--Parade_0_Parade_Parade_0_897.jpg_b4028.jpg,train,occluded,occluded,0.5105,False,C:\Thực tập LUMI\model_BaiToan\Deepleaning\data\dataset\train\occluded\0--Parade_0_Parade_Parade_0_897.jpg_b4028.jpg
007052_face.jpg,train,occluded,occluded,0.5076,False,C:\Thực tập LUMI\model_BaiToan\Deepleaning\data\dataset\train\occluded\007052_face.jpg
000098_face.jpg,val,clear,clear,0.5055,False,C:\Thực tập LUMI\model_BaiToan\Deepleaning\data\dataset\val\clear\000098_face.jpg
006319_face.jpg,train,occluded,occluded,0.5028,False,C:\Thực tập LUMI\model_BaiToan\Deepleaning\data\dataset\train\occluded\006319_face.jpg
11--Meeting_11_Meeting_Meeting_11_Meeting_Meeting_11_529.jpg_b6235.jpg,val,occluded,occluded,0.5005,False,C:\Thực tập LUMI\model_BaiToan\Deepleaning\data\dataset\val\occluded\11--Meeting_11_Meeting_Meeting_11_Meeting_Meeting_11_529.jpg_b6235.jpg
